Month,Day,HDD65_mean,HDD65_min,HDD65_max,HDD65_p10,HDD65_p90,CDD65_mean,CDD65_min,CDD65_max,CDD65_p10,CDD65_p90,Tmean_mean,Tmin_mean,Tmax_mean,Samples,DayOfYear
1,1,36.0,21.0,61.0,24.9,50.4,0.0,0.0,0.0,0.0,0.0,28.7,21.0,37.0,30,1
1,2,36.0,23.0,58.0,25.9,50.1,0.0,0.0,0.0,0.0,0.0,28.5,21.0,36.0,30,2
1,3,37.0,10.0,60.0,22.6,51.1,0.0,0.0,0.0,0.0,0.0,28.3,20.0,36.0,30,3
1,4,37.0,16.0,57.0,20.7,48.2,0.0,0.0,0.0,0.0,0.0,28.1,20.0,36.0,30,4
1,5,37.0,15.0,55.0,22.9,47.2,0.0,0.0,0.0,0.0,0.0,28.0,20.0,36.0,30,5
1,6,37.0,4.0,60.0,24.9,51.2,0.0,0.0,0.0,0.0,0.0,27.8,20.0,36.0,30,6
1,7,37.0,20.0,61.0,22.9,51.1,0.0,0.0,0.0,0.0,0.0,27.6,20.0,36.0,30,7
1,8,38.0,16.0,54.0,28.8,49.2,0.0,0.0,0.0,0.0,0.0,27.5,20.0,36.0,30,8
1,9,38.0,12.0,58.0,27.6,49.1,0.0,0.0,0.0,0.0,0.0,27.4,19.0,35.0,30,9
1,10,38.0,16.0,61.0,24.9,48.3,0.0,0.0,0.0,0.0,0.0,27.2,19.0,35.0,30,10
1,11,38.0,10.0,53.0,20.0,47.2,0.0,0.0,0.0,0.0,0.0,27.1,19.0,35.0,30,11
1,12,38.0,14.0,44.0,20.6,43.0,0.0,0.0,0.0,0.0,0.0,27.0,19.0,35.0,30,12
1,13,38.0,20.0,44.0,22.9,44.0,0.0,0.0,0.0,0.0,0.0,26.9,19.0,35.0,30,13
1,14,38.0,18.0,62.0,20.9,52.5,0.0,0.0,0.0,0.0,0.0,26.8,19.0,35.0,30,14
1,15,38.0,11.0,63.0,27.0,54.2,0.0,0.0,0.0,0.0,0.0,26.7,18.0,35.0,30,15
1,16,38.0,7.0,66.0,28.0,54.4,0.0,0.0,0.0,0.0,0.0,26.6,18.0,35.0,30,16
1,17,38.0,18.0,58.0,28.0,50.2,0.0,0.0,0.0,0.0,0.0,26.6,18.0,35.0,30,17
1,18,38.0,18.0,60.0,27.9,56.3,0.0,0.0,0.0,0.0,0.0,26.5,18.0,35.0,30,18
1,19,38.0,23.0,62.0,27.9,55.0,0.0,0.0,0.0,0.0,0.0,26.5,18.0,35.0,30,19
1,20,38.0,18.0,62.0,24.9,50.0,0.0,0.0,0.0,0.0,0.0,26.4,18.0,35.0,30,20
1,21,39.0,17.0,64.0,27.7,54.5,0.0,0.0,0.0,0.0,0.0,26.4,18.0,35.0,30,21
1,22,39.0,21.0,61.0,28.0,55.0,0.0,0.0,0.0,0.0,0.0,26.4,18.0,35.0,30,22
1,23,39.0,24.0,56.0,28.0,54.1,0.0,0.0,0.0,0.0,0.0,26.4,18.0,35.0,30,23
1,24,39.0,19.0,61.0,21.0,54.1,0.0,0.0,0.0,0.0,0.0,26.4,18.0,35.0,30,24
1,25,38.0,20.0,58.0,28.0,49.2,0.0,0.0,0.0,0.0,0.0,26.5,18.0,35.0,30,25
1,26,38.0,22.0,57.0,27.6,53.0,0.0,0.0,0.0,0.0,0.0,26.5,18.0,35.0,30,26
1,27,38.0,22.0,61.0,25.8,52.3,0.0,0.0,0.0,0.0,0.0,26.6,18.0,35.0,30,27
1,28,38.0,23.0,57.0,26.7,51.5,0.0,0.0,0.0,0.0,0.0,26.6,18.0,35.0,30,28
1,29,38.0,15.0,54.0,28.0,46.3,0.0,0.0,0.0,0.0,0.0,26.7,18.0,35.0,30,29
1,30,38.0,20.0,55.0,27.6,48.2,0.0,0.0,0.0,0.0,0.0,26.8,18.0,35.0,30,30
1,31,38.0,19.0,62.0,23.8,48.0,0.0,0.0,0.0,0.0,0.0,26.9,18.0,36.0,30,31
2,1,38.0,15.0,59.0,27.9,48.4,0.0,0.0,0.0,0.0,0.0,27.0,18.0,36.0,30,32
2,2,38.0,24.0,55.0,26.0,47.2,0.0,0.0,0.0,0.0,0.0,27.1,18.0,36.0,30,33
2,3,38.0,17.0,52.0,24.7,46.4,0.0,0.0,0.0,0.0,0.0,27.2,19.0,36.0,30,34
2,4,38.0,14.0,59.0,23.8,48.1,0.0,0.0,0.0,0.0,0.0,27.4,19.0,36.0,30,35
2,5,38.0,16.0,62.0,25.6,49.4,0.0,0.0,0.0,0.0,0.0,27.5,19.0,36.0,30,36
2,6,37.0,17.0,59.0,26.9,50.0,0.0,0.0,0.0,0.0,0.0,27.7,19.0,36.0,30,37
2,7,37.0,27.0,57.0,28.8,49.2,0.0,0.0,0.0,0.0,0.0,27.9,19.0,37.0,30,38
2,8,37.0,21.0,54.0,26.8,49.1,0.0,0.0,0.0,0.0,0.0,28.1,19.0,37.0,30,39
2,9,37.0,23.0,54.0,28.0,46.0,0.0,0.0,0.0,0.0,0.0,28.2,19.0,37.0,30,40
2,10,37.0,25.0,54.0,27.9,49.0,0.0,0.0,0.0,0.0,0.0,28.4,20.0,37.0,30,41
2,11,36.0,21.0,52.0,25.8,47.4,0.0,0.0,0.0,0.0,0.0,28.6,20.0,38.0,30,42
2,12,36.0,18.0,55.0,24.7,50.1,0.0,0.0,0.0,0.0,0.0,28.9,20.0,38.0,30,43
2,13,36.0,29.0,60.0,30.9,54.1,0.0,0.0,0.0,0.0,0.0,29.1,20.0,38.0,30,44
2,14,36.0,22.0,66.0,28.7,47.6,0.0,0.0,0.0,0.0,0.0,29.3,20.0,38.0,30,45
2,15,36.0,21.0,60.0,25.8,49.5,0.0,0.0,0.0,0.0,0.0,29.5,21.0,38.0,30,46
2,16,35.0,20.0,59.0,21.9,48.1,0.0,0.0,0.0,0.0,0.0,29.8,21.0,39.0,30,47
2,17,35.0,21.0,51.0,24.0,45.3,0.0,0.0,0.0,0.0,0.0,30.0,21.0,39.0,30,48
2,18,35.0,17.0,52.0,26.0,44.1,0.0,0.0,0.0,0.0,0.0,30.2,21.0,39.0,30,49
2,19,34.0,16.0,52.0,25.0,48.1,0.0,0.0,0.0,0.0,0.0,30.5,22.0,40.0,30,50
2,20,34.0,9.0,57.0,21.5,42.2,0.0,0.0,0.0,0.0,0.0,30.8,22.0,40.0,30,51
2,21,34.0,3.0,54.0,20.9,41.2,0.0,0.0,0.0,0.0,0.0,31.0,22.0,40.0,30,52
2,22,34.0,14.0,49.0,19.9,41.0,0.0,0.0,0.0,0.0,0.0,31.3,22.0,40.0,30,53
2,23,34.0,15.0,48.0,23.9,40.1,0.0,0.0,0.0,0.0,0.0,31.5,22.0,41.0,30,54
2,24,33.0,8.0,59.0,19.7,41.2,0.0,0.0,0.0,0.0,0.0,31.8,23.0,41.0,30,55
2,25,33.0,9.0,51.0,18.0,43.2,0.0,0.0,0.0,0.0,0.0,32.1,23.0,41.0,30,56
2,26,33.0,15.0,52.0,19.9,47.0,0.0,0.0,0.0,0.0,0.0,32.3,23.0,41.0,30,57
2,27,32.0,11.0,52.0,20.9,47.1,0.0,0.0,0.0,0.0,0.0,32.6,24.0,42.0,30,58
2,28,32.0,17.0,51.0,18.9,46.2,0.0,0.0,0.0,0.0,0.0,32.9,24.0,42.0,30,59
3,1,32.0,10.0,50.0,21.8,40.1,0.0,0.0,0.0,0.0,0.0,33.2,24.0,42.0,30,60
3,2,32.0,12.0,44.0,20.5,38.4,0.0,0.0,0.0,0.0,0.0,33.4,24.0,43.0,30,61
3,3,31.0,13.0,48.0,18.6,44.1,0.0,0.0,0.0,0.0,0.0,33.7,24.0,43.0,30,62
3,4,31.0,19.0,49.0,22.0,46.0,0.0,0.0,0.0,0.0,0.0,34.0,25.0,43.0,30,63
3,5,31.0,20.0,45.0,23.0,39.2,0.0,0.0,0.0,0.0,0.0,34.3,25.0,44.0,30,64
3,6,30.0,16.0,54.0,23.9,45.1,0.0,0.0,0.0,0.0,0.0,34.6,25.0,44.0,30,65
3,7,30.0,18.0,53.0,18.9,46.2,0.0,0.0,0.0,0.0,0.0,34.9,26.0,44.0,30,66
3,8,30.0,9.0,45.0,13.9,42.2,0.0,0.0,0.0,0.0,0.0,35.1,26.0,44.0,30,67
3,9,30.0,4.0,49.0,8.9,39.7,0.0,0.0,0.0,0.0,0.0,35.4,26.0,45.0,30,68
3,10,29.0,1.0,47.0,16.5,40.6,0.0,0.0,0.0,0.0,0.0,35.7,26.0,45.0,30,69
3,11,29.0,16.0,49.0,18.9,41.1,0.0,0.0,0.0,0.0,0.0,36.0,27.0,45.0,30,70
3,12,29.0,13.0,47.0,18.9,37.2,0.0,0.0,0.0,0.0,0.0,36.3,27.0,46.0,30,71
3,13,28.0,4.0,43.0,11.9,41.0,0.0,0.0,0.0,0.0,0.0,36.6,27.0,46.0,30,72
3,14,28.0,10.0,44.0,17.9,39.1,0.0,0.0,0.0,0.0,0.0,36.9,28.0,46.0,30,73
3,15,28.0,11.0,48.0,17.8,34.0,0.0,0.0,0.0,0.0,0.0,37.3,28.0,47.0,30,74
3,16,27.0,9.0,44.0,15.8,38.0,0.0,0.0,0.0,0.0,0.0,37.6,28.0,47.0,30,75
3,17,27.0,14.0,39.0,15.9,36.2,0.0,0.0,0.0,0.0,0.0,37.9,28.0,47.0,30,76
3,18,27.0,7.0,46.0,11.7,37.1,0.0,0.0,0.0,0.0,0.0,38.2,29.0,48.0,30,77
3,19,26.0,6.0,44.0,20.7,35.0,0.0,0.0,0.0,0.0,0.0,38.6,29.0,48.0,30,78
3,20,26.0,2.0,42.0,19.2,35.1,0.0,0.0,0.0,0.0,0.0,38.9,29.0,48.0,30,79
3,21,26.0,1.0,36.0,14.7,33.2,0.0,0.0,0.0,0.0,0.0,39.2,30.0,49.0,30,80
3,22,25.0,0.0,41.0,18.8,36.3,0.0,0.0,4.0,0.0,0.0,39.6,30.0,49.0,30,81
3,23,25.0,1.0,40.0,16.7,37.0,0.0,0.0,0.0,0.0,0.0,39.9,30.0,50.0,30,82
3,24,25.0,8.0,41.0,16.9,34.1,0.0,0.0,0.0,0.0,0.0,40.3,30.0,50.0,30,83
3,25,24.0,15.0,39.0,18.0,31.0,0.0,0.0,0.0,0.0,0.0,40.6,31.0,50.0,30,84
3,26,24.0,7.0,37.0,13.9,30.4,0.0,0.0,0.0,0.0,0.0,41.0,31.0,51.0,30,85
3,27,24.0,1.0,35.0,11.9,32.1,0.0,0.0,0.0,0.0,0.0,41.4,31.0,51.0,30,86
3,28,23.0,0.0,33.0,11.7,29.1,0.0,0.0,5.0,0.0,0.0,41.8,32.0,52.0,30,87
3,29,23.0,1.0,32.0,14.6,29.1,0.0,0.0,0.0,0.0,0.0,42.2,32.0,52.0,30,88
3,30,22.0,3.0,31.0,11.7,27.1,0.0,0.0,0.0,0.0,0.0,42.6,32.0,53.0,30,89
3,31,22.0,0.0,31.0,10.8,28.0,0.0,0.0,8.0,0.0,0.0,42.9,33.0,53.0,30,90
4,1,22.0,3.0,31.0,8.8,28.1,0.0,0.0,0.0,0.0,0.0,43.3,33.0,54.0,30,91
4,2,21.0,8.0,30.0,12.8,28.1,0.0,0.0,0.0,0.0,0.0,43.8,34.0,54.0,30,92
4,3,21.0,4.0,32.0,10.9,27.1,0.0,0.0,0.0,0.0,0.0,44.2,34.0,54.0,30,93
4,4,20.0,4.0,39.0,13.8,27.1,0.0,0.0,0.0,0.0,0.0,44.6,34.0,55.0,30,94
4,5,20.0,7.0,39.0,13.9,32.2,0.0,0.0,0.0,0.0,0.0,45.0,34.0,56.0,30,95
4,6,20.0,1.0,34.0,11.8,32.1,0.0,0.0,0.0,0.0,0.0,45.4,35.0,56.0,30,96
4,7,19.0,0.0,34.0,6.0,27.3,0.0,0.0,9.0,0.0,0.0,45.9,35.0,56.0,30,97
4,8,19.0,0.0,33.0,5.7,29.2,0.0,0.0,7.0,0.0,0.0,46.3,36.0,57.0,30,98
4,9,18.0,0.0,34.0,5.8,28.2,0.0,0.0,9.0,0.0,0.0,46.7,36.0,57.0,30,99
4,10,18.0,4.0,29.0,7.0,26.1,0.0,0.0,0.0,0.0,0.0,47.1,36.0,58.0,30,100
4,11,18.0,0.0,29.0,7.0,25.2,0.0,0.0,4.0,0.0,0.0,47.6,37.0,58.0,30,101
4,12,17.0,2.0,27.0,9.0,25.1,0.0,0.0,0.0,0.0,0.0,48.0,37.0,59.0,30,102
4,13,17.0,0.0,27.0,4.6,24.0,0.0,0.0,1.0,0.0,0.0,48.4,38.0,59.0,30,103
4,14,16.0,0.0,23.0,5.4,21.1,0.0,0.0,2.0,0.0,0.0,48.9,38.0,60.0,30,104
4,15,16.0,0.0,29.0,1.8,21.2,0.0,0.0,5.0,0.0,0.1,49.3,38.0,60.0,30,105
4,16,15.0,0.0,27.0,0.9,24.3,0.0,0.0,10.0,0.0,0.5,49.7,39.0,61.0,30,106
4,17,15.0,0.0,29.0,6.6,24.2,0.0,0.0,12.0,0.0,0.0,50.2,39.0,61.0,30,107
4,18,15.0,0.0,27.0,3.9,22.1,0.0,0.0,12.0,0.0,0.0,50.6,39.0,62.0,30,108
4,19,14.0,0.0,25.0,3.0,20.1,0.0,0.0,5.0,0.0,0.0,51.0,40.0,62.0,30,109
4,20,14.0,0.0,23.0,2.8,18.2,0.0,0.0,3.0,0.0,0.0,51.4,40.0,63.0,30,110
4,21,14.0,0.0,22.0,3.9,20.1,0.0,0.0,4.0,0.0,0.0,51.8,40.0,63.0,30,111
4,22,13.0,0.0,25.0,0.9,22.1,0.0,0.0,5.0,0.0,0.1,52.3,41.0,64.0,30,112
4,23,13.0,0.0,25.0,0.0,21.2,0.0,0.0,5.0,0.0,1.2,52.7,41.0,64.0,30,113
4,24,12.0,0.0,24.0,1.9,19.0,0.0,0.0,3.0,0.0,0.0,53.0,42.0,65.0,30,114
4,25,12.0,0.0,24.0,5.9,19.0,0.0,0.0,4.0,0.0,0.0,53.4,42.0,65.0,30,115
4,26,12.0,0.0,26.0,5.5,21.0,0.0,0.0,10.0,0.0,0.0,53.8,42.0,65.0,30,116
4,27,11.0,0.0,24.0,0.0,19.1,0.0,0.0,7.0,0.0,1.3,54.2,43.0,66.0,30,117
4,28,11.0,0.0,21.0,3.7,19.1,0.0,0.0,12.0,0.0,0.0,54.6,43.0,66.0,30,118
4,29,10.0,0.0,22.0,5.8,18.1,0.0,0.0,7.0,0.0,0.0,54.9,43.0,67.0,30,119
4,30,10.0,0.0,22.0,5.7,17.2,0.0,0.0,1.0,0.0,0.0,55.3,44.0,67.0,30,120
5,1,10.0,0.0,19.0,0.9,15.0,0.0,0.0,4.0,0.0,0.1,55.6,44.0,67.0,30,121
5,2,10.0,0.0,19.0,0.0,17.1,0.0,0.0,12.0,0.0,1.5,56.0,44.0,68.0,30,122
5,3,9.0,0.0,18.0,0.0,14.3,1.0,0.0,13.0,0.0,3.4,56.3,44.0,68.0,30,123
5,4,9.0,0.0,18.0,0.0,14.2,1.0,0.0,12.0,0.0,1.1,56.6,45.0,68.0,30,124
5,5,9.0,0.0,21.0,0.0,16.1,1.0,0.0,8.0,0.0,1.1,57.0,45.0,69.0,30,125
5,6,8.0,0.0,20.0,0.0,18.1,1.0,0.0,8.0,0.0,1.1,57.3,46.0,69.0,30,126
5,7,8.0,0.0,18.0,0.0,16.1,1.0,0.0,9.0,0.0,0.2,57.6,46.0,69.0,30,127
5,8,8.0,0.0,18.0,0.9,14.0,1.0,0.0,14.0,0.0,0.1,57.9,46.0,70.0,30,128
5,9,8.0,0.0,24.0,0.0,14.4,1.0,0.0,10.0,0.0,1.0,58.2,46.0,70.0,30,129
5,10,7.0,0.0,18.0,0.0,13.2,1.0,0.0,13.0,0.0,2.4,58.5,47.0,70.0,30,130
5,11,7.0,0.0,22.0,0.0,13.1,1.0,0.0,12.0,0.0,4.1,58.8,47.0,70.0,30,131
5,12,7.0,0.0,21.0,0.0,17.0,1.0,0.0,9.0,0.0,7.0,59.0,47.0,71.0,30,132
5,13,7.0,0.0,18.0,0.0,16.1,1.0,0.0,5.0,0.0,3.0,59.3,48.0,71.0,30,133
5,14,6.0,0.0,18.0,0.0,15.1,1.0,0.0,3.0,0.0,0.1,59.6,48.0,71.0,30,134
5,15,6.0,0.0,18.0,0.0,13.1,1.0,0.0,10.0,0.0,4.0,59.9,48.0,72.0,30,135
5,16,6.0,0.0,18.0,0.0,13.0,1.0,0.0,6.0,0.0,4.0,60.1,48.0,72.0,30,136
5,17,6.0,0.0,13.0,0.0,12.0,1.0,0.0,10.0,0.0,1.7,60.4,49.0,72.0,30,137
5,18,6.0,0.0,20.0,0.0,12.4,1.0,0.0,17.0,0.0,1.1,60.7,49.0,72.0,30,138
5,19,5.0,0.0,19.0,0.0,14.0,1.0,0.0,10.0,0.0,2.3,60.9,49.0,73.0,30,139
5,20,5.0,0.0,21.0,0.0,11.1,1.0,0.0,17.0,0.0,3.3,61.2,50.0,73.0,30,140
5,21,5.0,0.0,17.0,0.0,11.1,2.0,0.0,13.0,0.0,5.2,61.4,50.0,73.0,30,141
5,22,5.0,0.0,14.0,0.0,12.0,2.0,0.0,10.0,0.0,3.1,61.7,50.0,73.0,30,142
5,23,5.0,0.0,14.0,0.0,9.4,2.0,0.0,7.0,0.0,5.0,62.0,50.0,74.0,30,143
5,24,5.0,0.0,17.0,0.0,8.3,2.0,0.0,8.0,0.0,6.1,62.2,51.0,74.0,30,144
5,25,4.0,0.0,19.0,0.0,10.5,2.0,0.0,15.0,0.0,8.1,62.5,51.0,74.0,30,145
5,26,4.0,0.0,15.0,0.0,12.0,2.0,0.0,15.0,0.0,10.2,62.8,51.0,74.0,30,146
5,27,4.0,0.0,12.0,0.0,11.1,2.0,0.0,12.0,0.0,10.1,63.1,52.0,74.0,30,147
5,28,4.0,0.0,13.0,0.0,9.1,2.0,0.0,14.0,0.0,9.3,63.3,52.0,75.0,30,148
5,29,4.0,0.0,10.0,0.0,8.0,2.0,0.0,15.0,0.0,11.0,63.6,52.0,75.0,30,149
5,30,4.0,0.0,12.0,0.0,7.1,2.0,0.0,13.0,0.0,11.1,63.9,53.0,75.0,30,150
5,31,3.0,0.0,11.0,0.0,7.1,3.0,0.0,15.0,0.0,10.1,64.2,53.0,76.0,30,151
6,1,3.0,0.0,14.0,0.0,11.1,3.0,0.0,14.0,0.0,10.1,64.5,53.0,76.0,30,152
6,2,3.0,0.0,13.0,0.0,8.1,3.0,0.0,13.0,0.0,11.1,64.8,54.0,76.0,30,153
6,3,3.0,0.0,10.0,0.0,6.1,3.0,0.0,10.0,0.0,7.2,65.1,54.0,76.0,30,154
6,4,3.0,0.0,11.0,0.0,6.3,3.0,0.0,10.0,0.0,8.0,65.4,54.0,77.0,30,155
6,5,2.0,0.0,10.0,0.0,6.1,3.0,0.0,14.0,0.0,8.2,65.7,54.0,77.0,30,156
6,6,2.0,0.0,15.0,0.0,8.1,3.0,0.0,10.0,0.0,9.0,66.0,55.0,77.0,30,157
6,7,2.0,0.0,9.0,0.0,7.0,3.0,0.0,15.0,0.0,10.2,66.3,55.0,77.0,30,158
6,8,2.0,0.0,7.0,0.0,4.1,4.0,0.0,17.0,0.0,13.1,66.6,56.0,78.0,30,159
6,9,2.0,0.0,11.0,0.0,3.0,4.0,0.0,19.0,0.0,13.2,66.9,56.0,78.0,30,160
6,10,2.0,0.0,5.0,0.0,2.1,4.0,0.0,19.0,0.0,11.2,67.2,56.0,78.0,30,161
6,11,1.0,0.0,6.0,0.0,4.0,4.0,0.0,15.0,0.0,14.0,67.5,56.0,79.0,30,162
6,12,1.0,0.0,10.0,0.0,3.3,4.0,0.0,15.0,0.0,12.0,67.9,57.0,79.0,30,163
6,13,1.0,0.0,10.0,0.0,5.2,4.0,0.0,17.0,0.0,11.0,68.2,57.0,79.0,30,164
6,14,1.0,0.0,9.0,0.0,5.0,4.0,0.0,13.0,0.0,10.0,68.5,58.0,80.0,30,165
6,15,1.0,0.0,10.0,0.0,3.1,5.0,0.0,16.0,0.0,11.2,68.8,58.0,80.0,30,166
6,16,1.0,0.0,6.0,0.0,3.0,5.0,0.0,16.0,0.0,11.1,69.1,58.0,80.0,30,167
6,17,1.0,0.0,3.0,0.0,1.0,5.0,0.0,12.0,0.0,11.1,69.4,58.0,80.0,30,168
6,18,1.0,0.0,5.0,0.0,2.1,5.0,0.0,17.0,0.0,12.0,69.7,59.0,81.0,30,169
6,19,0.0,0.0,3.0,0.0,0.0,6.0,0.0,17.0,0.0,13.2,70.0,59.0,81.0,30,170
6,20,0.0,0.0,3.0,0.0,0.1,6.0,0.0,19.0,0.0,14.1,70.3,59.0,81.0,30,171
6,21,0.0,0.0,1.0,0.0,0.0,6.0,0.0,20.0,0.0,11.3,70.6,60.0,82.0,30,172
6,22,0.0,0.0,8.0,0.0,0.0,6.0,0.0,17.0,1.8,11.5,70.9,60.0,82.0,30,173
6,23,0.0,0.0,5.0,0.0,0.2,6.0,0.0,15.0,0.0,13.1,71.2,60.0,82.0,30,174
6,24,0.0,0.0,3.0,0.0,0.0,7.0,0.0,17.0,0.9,14.0,71.4,60.0,82.0,30,175
6,25,0.0,0.0,1.0,0.0,0.0,7.0,0.0,15.0,2.0,14.0,71.7,61.0,83.0,30,176
6,26,0.0,0.0,3.0,0.0,0.0,7.0,0.0,17.0,1.0,16.0,71.9,61.0,83.0,30,177
6,27,0.0,0.0,1.0,0.0,0.1,7.0,0.0,19.0,0.0,16.0,72.2,61.0,83.0,30,178
6,28,0.0,0.0,7.0,0.0,0.0,8.0,0.0,19.0,0.0,16.2,72.4,61.0,83.0,30,179
6,29,0.0,0.0,0.0,0.0,0.0,8.0,0.0,18.0,3.9,14.1,72.6,62.0,84.0,30,180
6,30,0.0,0.0,1.0,0.0,0.0,8.0,0.0,15.0,1.9,14.0,72.8,62.0,84.0,30,181
7,1,0.0,0.0,2.0,0.0,0.0,8.0,0.0,18.0,1.8,15.1,73.0,62.0,84.0,30,182
7,2,0.0,0.0,3.0,0.0,0.2,8.0,0.0,19.0,0.9,15.4,73.2,62.0,84.0,30,183
7,3,0.0,0.0,4.0,0.0,0.0,8.0,0.0,20.0,1.9,15.1,73.4,62.0,84.0,30,184
7,4,0.0,0.0,3.0,0.0,0.0,9.0,0.0,20.0,3.0,17.1,73.6,63.0,84.0,30,185
7,5,0.0,0.0,1.0,0.0,0.0,9.0,0.0,23.0,3.9,18.0,73.7,63.0,85.0,30,186
7,6,0.0,0.0,2.0,0.0,0.0,9.0,0.0,24.0,3.8,19.1,73.9,63.0,85.0,30,187
7,7,0.0,0.0,0.0,0.0,0.0,9.0,0.0,23.0,1.0,19.1,74.0,63.0,85.0,30,188
7,8,0.0,0.0,4.0,0.0,0.0,9.0,0.0,19.0,2.7,16.1,74.1,63.0,85.0,30,189
7,9,0.0,0.0,3.0,0.0,0.0,9.0,0.0,18.0,2.8,16.1,74.2,63.0,85.0,30,190
7,10,0.0,0.0,0.0,0.0,0.0,9.0,0.0,19.0,4.0,13.2,74.3,63.0,85.0,30,191
7,11,0.0,0.0,1.0,0.0,0.0,10.0,0.0,17.0,2.9,14.0,74.4,64.0,85.0,30,192
7,12,0.0,0.0,0.0,0.0,0.0,10.0,0.0,19.0,2.8,15.1,74.5,64.0,85.0,30,193
7,13,0.0,0.0,2.0,0.0,0.0,10.0,0.0,16.0,0.0,15.0,74.5,64.0,86.0,30,194
7,14,0.0,0.0,3.0,0.0,0.0,10.0,0.0,20.0,2.9,16.1,74.6,64.0,86.0,30,195
7,15,0.0,0.0,0.0,0.0,0.0,10.0,0.0,22.0,3.9,16.0,74.6,64.0,86.0,30,196
7,16,0.0,0.0,0.0,0.0,0.0,10.0,2.0,17.0,6.0,16.1,74.7,64.0,86.0,30,197
7,17,0.0,0.0,0.0,0.0,0.0,10.0,2.0,20.0,4.9,18.0,74.7,64.0,86.0,30,198
7,18,0.0,0.0,0.0,0.0,0.0,10.0,4.0,24.0,6.0,20.0,74.7,64.0,86.0,30,199
7,19,0.0,0.0,1.0,0.0,0.0,10.0,0.0,22.0,3.9,18.0,74.7,64.0,86.0,30,200
7,20,0.0,0.0,0.0,0.0,0.0,10.0,0.0,23.0,2.8,18.2,74.7,64.0,86.0,30,201
7,21,0.0,0.0,0.0,0.0,0.0,10.0,0.0,22.0,4.9,18.2,74.7,64.0,86.0,30,202
7,22,0.0,0.0,0.0,0.0,0.0,10.0,2.0,23.0,6.0,16.4,74.7,64.0,86.0,30,203
7,23,0.0,0.0,3.0,0.0,0.0,10.0,0.0,20.0,1.9,17.1,74.7,64.0,86.0,30,204
7,24,0.0,0.0,3.0,0.0,0.0,10.0,0.0,18.0,1.8,16.0,74.6,64.0,86.0,30,205
7,25,0.0,0.0,2.0,0.0,0.0,10.0,0.0,22.0,0.9,15.1,74.6,64.0,85.0,30,206
7,26,0.0,0.0,1.0,0.0,0.0,10.0,0.0,18.0,1.9,14.1,74.5,64.0,85.0,30,207
7,27,0.0,0.0,2.0,0.0,0.0,10.0,0.0,20.0,2.0,16.1,74.5,64.0,85.0,30,208
7,28,0.0,0.0,2.0,0.0,0.0,10.0,0.0,17.0,3.9,16.0,74.4,64.0,85.0,30,209
7,29,0.0,0.0,0.0,0.0,0.0,9.0,3.0,19.0,4.0,16.2,74.4,64.0,85.0,30,210
7,30,0.0,0.0,0.0,0.0,0.0,9.0,2.0,19.0,3.0,15.1,74.3,64.0,85.0,30,211
7,31,0.0,0.0,1.0,0.0,0.0,9.0,0.0,16.0,3.7,15.0,74.3,64.0,85.0,30,212
8,1,0.0,0.0,0.0,0.0,0.0,9.0,0.0,20.0,2.9,16.1,74.2,63.0,85.0,30,213
8,2,0.0,0.0,0.0,0.0,0.0,9.0,3.0,22.0,3.9,16.2,74.1,63.0,85.0,30,214
8,3,0.0,0.0,0.0,0.0,0.0,9.0,3.0,23.0,6.0,17.1,74.0,63.0,85.0,30,215
8,4,0.0,0.0,0.0,0.0,0.0,9.0,3.0,19.0,6.0,17.0,74.0,63.0,85.0,30,216
8,5,0.0,0.0,0.0,0.0,0.0,9.0,0.0,17.0,3.0,17.0,73.9,63.0,85.0,30,217
8,6,0.0,0.0,2.0,0.0,0.0,9.0,0.0,16.0,0.9,13.2,73.8,63.0,85.0,30,218
8,7,0.0,0.0,3.0,0.0,0.0,9.0,0.0,21.0,0.9,15.0,73.7,63.0,84.0,30,219
8,8,0.0,0.0,1.0,0.0,0.0,9.0,0.0,21.0,0.9,15.1,73.6,63.0,84.0,30,220
8,9,0.0,0.0,1.0,0.0,0.0,9.0,0.0,22.0,2.0,16.1,73.5,63.0,84.0,30,221
8,10,0.0,0.0,4.0,0.0,0.0,8.0,0.0,19.0,5.0,15.1,73.4,63.0,84.0,30,222
8,11,0.0,0.0,0.0,0.0,0.0,8.0,2.0,18.0,2.0,15.1,73.3,63.0,84.0,30,223
8,12,0.0,0.0,2.0,0.0,0.0,8.0,0.0,20.0,3.9,15.1,73.2,62.0,84.0,30,224
8,13,0.0,0.0,2.0,0.0,0.1,8.0,0.0,21.0,0.9,16.1,73.1,62.0,84.0,30,225
8,14,0.0,0.0,1.0,0.0,0.0,8.0,0.0,20.0,2.9,14.3,73.0,62.0,84.0,30,226
8,15,0.0,0.0,4.0,0.0,0.0,8.0,0.0,18.0,0.9,14.0,72.9,62.0,84.0,30,227
8,16,0.0,0.0,5.0,0.0,0.0,8.0,0.0,22.0,1.0,14.1,72.7,62.0,84.0,30,228
8,17,0.0,0.0,2.0,0.0,0.0,8.0,0.0,17.0,3.7,15.2,72.6,62.0,83.0,30,229
8,18,0.0,0.0,6.0,0.0,0.0,8.0,0.0,20.0,2.9,15.0,72.5,62.0,83.0,30,230
8,19,0.0,0.0,1.0,0.0,0.0,8.0,0.0,17.0,0.0,15.0,72.3,62.0,83.0,30,231
8,20,0.0,0.0,4.0,0.0,2.0,7.0,0.0,15.0,0.0,14.0,72.2,61.0,83.0,30,232
8,21,0.0,0.0,6.0,0.0,4.0,7.0,0.0,17.0,0.0,12.1,72.0,61.0,83.0,30,233
8,22,0.0,0.0,2.0,0.0,1.0,7.0,0.0,16.0,0.0,14.0,71.8,61.0,83.0,30,234
8,23,0.0,0.0,1.0,0.0,0.0,7.0,0.0,13.0,0.9,11.1,71.7,61.0,82.0,30,235
8,24,0.0,0.0,4.0,0.0,0.0,7.0,0.0,17.0,1.0,13.0,71.5,61.0,82.0,30,236
8,25,0.0,0.0,1.0,0.0,0.1,7.0,0.0,17.0,0.9,14.1,71.3,60.0,82.0,30,237
8,26,0.0,0.0,3.0,0.0,1.1,6.0,0.0,15.0,0.0,12.1,71.1,60.0,82.0,30,238
8,27,0.0,0.0,3.0,0.0,0.1,6.0,0.0,14.0,0.0,13.0,70.9,60.0,82.0,30,239
8,28,0.0,0.0,2.0,0.0,0.0,6.0,0.0,20.0,1.9,13.3,70.7,60.0,82.0,30,240
8,29,0.0,0.0,6.0,0.0,0.5,6.0,0.0,20.0,0.0,13.1,70.4,60.0,81.0,30,241
8,30,0.0,0.0,3.0,0.0,0.0,6.0,0.0,16.0,1.9,12.1,70.2,59.0,81.0,30,242
8,31,1.0,0.0,3.0,0.0,2.1,6.0,0.0,17.0,0.0,13.0,70.0,59.0,81.0,30,243
9,1,1.0,0.0,6.0,0.0,4.1,5.0,0.0,18.0,0.0,13.1,69.7,59.0,81.0,30,244
9,2,1.0,0.0,10.0,0.0,5.0,5.0,0.0,18.0,0.0,11.0,69.4,58.0,80.0,30,245
9,3,1.0,0.0,8.0,0.0,1.5,5.0,0.0,18.0,0.0,12.2,69.2,58.0,80.0,30,246
9,4,1.0,0.0,7.0,0.0,0.0,5.0,0.0,15.0,0.9,10.1,68.9,58.0,80.0,30,247
9,5,1.0,0.0,8.0,0.0,2.1,4.0,0.0,14.0,0.0,12.0,68.6,58.0,80.0,30,248
9,6,1.0,0.0,9.0,0.0,3.1,4.0,0.0,19.0,0.0,11.1,68.3,57.0,79.0,30,249
9,7,1.0,0.0,6.0,0.0,2.1,4.0,0.0,15.0,0.0,12.0,68.0,57.0,79.0,30,250
9,8,1.0,0.0,4.0,0.0,3.0,4.0,0.0,18.0,0.0,13.0,67.6,57.0,79.0,30,251
9,9,2.0,0.0,8.0,0.0,6.0,4.0,0.0,17.0,0.0,12.1,67.3,56.0,78.0,30,252
9,10,2.0,0.0,8.0,0.0,4.1,4.0,0.0,15.0,0.0,11.0,67.0,56.0,78.0,30,253
9,11,2.0,0.0,9.0,0.0,6.1,3.0,0.0,17.0,0.0,5.0,66.6,56.0,78.0,30,254
9,12,2.0,0.0,9.0,0.0,6.0,3.0,0.0,13.0,0.0,8.2,66.3,55.0,77.0,30,255
9,13,2.0,0.0,8.0,0.0,5.2,3.0,0.0,12.0,0.0,6.3,65.9,55.0,77.0,30,256
9,14,2.0,0.0,12.0,0.0,6.0,3.0,0.0,12.0,0.0,9.1,65.5,55.0,76.0,30,257
9,15,3.0,0.0,11.0,0.0,7.1,3.0,0.0,12.0,0.0,9.2,65.2,54.0,76.0,30,258
9,16,3.0,0.0,11.0,0.0,8.1,3.0,0.0,15.0,0.0,6.1,64.8,54.0,76.0,30,259
9,17,3.0,0.0,13.0,0.0,9.1,2.0,0.0,15.0,0.0,10.0,64.4,53.0,75.0,30,260
9,18,3.0,0.0,10.0,0.0,8.0,2.0,0.0,10.0,0.0,6.2,64.0,53.0,75.0,30,261
9,19,4.0,0.0,15.0,0.0,11.0,2.0,0.0,8.0,0.0,6.1,63.6,53.0,75.0,30,262
9,20,4.0,0.0,15.0,0.0,11.0,2.0,0.0,10.0,0.0,7.0,63.2,52.0,74.0,30,263
9,21,4.0,0.0,15.0,0.0,13.1,2.0,0.0,10.0,0.0,6.0,62.8,52.0,74.0,30,264
9,22,4.0,0.0,13.0,0.0,12.0,2.0,0.0,12.0,0.0,6.2,62.4,51.0,73.0,30,265
9,23,5.0,0.0,12.0,0.0,10.1,2.0,0.0,14.0,0.0,5.3,62.0,51.0,73.0,30,266
9,24,5.0,0.0,16.0,0.0,13.0,2.0,0.0,11.0,0.0,5.4,61.5,51.0,72.0,30,267
9,25,5.0,0.0,14.0,0.0,11.1,1.0,0.0,13.0,0.0,5.3,61.1,50.0,72.0,30,268
9,26,6.0,0.0,18.0,0.0,11.2,1.0,0.0,16.0,0.0,6.3,60.7,50.0,72.0,30,269
9,27,6.0,0.0,13.0,0.0,10.1,1.0,0.0,12.0,0.0,9.2,60.3,49.0,71.0,30,270
9,28,6.0,0.0,17.0,0.0,11.1,1.0,0.0,9.0,0.0,6.0,59.9,49.0,71.0,30,271
9,29,6.0,0.0,21.0,0.0,13.0,1.0,0.0,9.0,0.0,3.3,59.5,49.0,70.0,30,272
9,30,7.0,0.0,22.0,0.0,16.1,1.0,0.0,5.0,0.0,0.0,59.1,48.0,70.0,30,273
10,1,7.0,0.0,22.0,0.0,16.2,1.0,0.0,4.0,0.0,0.2,58.6,48.0,70.0,30,274
10,2,8.0,0.0,16.0,0.0,14.0,1.0,0.0,10.0,0.0,2.3,58.2,47.0,69.0,30,275
10,3,8.0,0.0,20.0,0.0,15.1,1.0,0.0,4.0,0.0,1.1,57.8,47.0,69.0,30,276
10,4,8.0,0.0,23.0,0.0,14.2,1.0,0.0,10.0,0.0,3.0,57.4,47.0,68.0,30,277
10,5,8.0,0.0,22.0,0.0,18.0,0.0,0.0,8.0,0.0,3.0,57.0,46.0,68.0,30,278
10,6,9.0,0.0,20.0,0.0,19.1,0.0,0.0,12.0,0.0,0.2,56.6,46.0,67.0,30,279
10,7,9.0,0.0,23.0,0.0,18.0,0.0,0.0,8.0,0.0,4.0,56.2,45.0,67.0,30,280
10,8,10.0,0.0,22.0,0.9,18.2,0.0,0.0,9.0,0.0,0.0,55.8,45.0,67.0,30,281
10,9,10.0,0.0,25.0,0.0,13.2,0.0,0.0,7.0,0.0,1.0,55.5,45.0,66.0,30,282
10,10,10.0,0.0,24.0,0.0,14.2,0.0,0.0,11.0,0.0,2.0,55.1,44.0,66.0,30,283
10,11,11.0,0.0,25.0,2.0,17.1,0.0,0.0,7.0,0.0,0.0,54.7,44.0,65.0,30,284
10,12,11.0,2.0,26.0,5.9,20.1,0.0,0.0,0.0,0.0,0.0,54.3,44.0,65.0,30,285
10,13,11.0,0.0,24.0,5.7,18.2,0.0,0.0,1.0,0.0,0.0,53.9,43.0,65.0,30,286
10,14,12.0,0.0,27.0,1.9,20.0,0.0,0.0,5.0,0.0,0.0,53.6,43.0,64.0,30,287
10,15,12.0,0.0,28.0,0.0,20.1,0.0,0.0,7.0,0.0,1.0,53.2,43.0,64.0,30,288
10,16,12.0,0.0,23.0,7.0,16.2,0.0,0.0,2.0,0.0,0.0,52.8,42.0,63.0,30,289
10,17,13.0,0.0,21.0,1.8,20.1,0.0,0.0,3.0,0.0,0.0,52.5,42.0,63.0,30,290
10,18,13.0,0.0,28.0,2.8,24.0,0.0,0.0,5.0,0.0,0.0,52.1,42.0,63.0,30,291
10,19,13.0,0.0,29.0,5.0,22.1,0.0,0.0,5.0,0.0,0.0,51.8,41.0,62.0,30,292
10,20,14.0,1.0,24.0,3.9,20.3,0.0,0.0,0.0,0.0,0.0,51.4,41.0,62.0,30,293
10,21,14.0,0.0,26.0,2.8,21.1,0.0,0.0,3.0,0.0,0.0,51.1,41.0,62.0,30,294
10,22,14.0,0.0,26.0,3.8,24.1,0.0,0.0,4.0,0.0,0.0,50.7,40.0,61.0,30,295
10,23,15.0,0.0,27.0,6.8,24.1,0.0,0.0,5.0,0.0,0.0,50.4,40.0,61.0,30,296
10,24,15.0,0.0,28.0,5.7,24.1,0.0,0.0,5.0,0.0,0.0,50.0,40.0,60.0,30,297
10,25,15.0,0.0,26.0,6.4,24.1,0.0,0.0,2.0,0.0,0.0,49.7,39.0,60.0,30,298
10,26,16.0,0.0,28.0,5.9,24.0,0.0,0.0,5.0,0.0,0.0,49.3,39.0,60.0,30,299
10,27,16.0,0.0,32.0,5.0,24.1,0.0,0.0,0.0,0.0,0.0,49.0,39.0,59.0,30,300
10,28,16.0,1.0,27.0,8.9,23.2,0.0,0.0,0.0,0.0,0.0,48.7,38.0,59.0,30,301
10,29,17.0,2.0,29.0,5.9,25.2,0.0,0.0,0.0,0.0,0.0,48.3,38.0,58.0,30,302
10,30,17.0,5.0,31.0,7.0,26.1,0.0,0.0,0.0,0.0,0.0,48.0,38.0,58.0,30,303
10,31,17.0,0.0,33.0,3.8,26.0,0.0,0.0,2.0,0.0,0.0,47.6,38.0,58.0,30,304
11,1,18.0,1.0,27.0,5.0,25.2,0.0,0.0,0.0,0.0,0.0,47.3,37.0,57.0,30,305
11,2,18.0,3.0,30.0,6.0,28.0,0.0,0.0,0.0,0.0,0.0,46.9,37.0,57.0,30,306
11,3,18.0,0.0,30.0,6.7,26.1,0.0,0.0,0.0,0.0,0.0,46.6,37.0,56.0,30,307
11,4,19.0,3.0,31.0,10.0,28.1,0.0,0.0,0.0,0.0,0.0,46.3,36.0,56.0,30,308
11,5,19.0,2.0,30.0,7.0,27.1,0.0,0.0,0.0,0.0,0.0,45.9,36.0,56.0,30,309
11,6,19.0,0.0,34.0,8.6,27.0,0.0,0.0,2.0,0.0,0.0,45.6,36.0,55.0,30,310
11,7,20.0,3.0,34.0,10.9,28.2,0.0,0.0,0.0,0.0,0.0,45.2,36.0,55.0,30,311
11,8,20.0,0.0,32.0,10.6,29.1,0.0,0.0,0.0,0.0,0.0,44.9,35.0,55.0,30,312
11,9,20.0,6.0,36.0,10.0,34.0,0.0,0.0,0.0,0.0,0.0,44.5,35.0,54.0,30,313
11,10,21.0,2.0,36.0,7.9,30.1,0.0,0.0,0.0,0.0,0.0,44.2,35.0,54.0,30,314
11,11,21.0,1.0,36.0,13.0,29.2,0.0,0.0,0.0,0.0,0.0,43.8,34.0,53.0,30,315
11,12,22.0,9.0,31.0,12.8,31.0,0.0,0.0,0.0,0.0,0.0,43.5,34.0,53.0,30,316
11,13,22.0,12.0,39.0,14.9,33.1,0.0,0.0,0.0,0.0,0.0,43.1,34.0,52.0,30,317
11,14,22.0,8.0,38.0,13.7,34.0,0.0,0.0,0.0,0.0,0.0,42.8,33.0,52.0,30,318
11,15,23.0,0.0,39.0,6.0,32.1,0.0,0.0,0.0,0.0,0.0,42.4,33.0,52.0,30,319
11,16,23.0,1.0,34.0,12.5,32.1,0.0,0.0,0.0,0.0,0.0,42.1,33.0,51.0,30,320
11,17,23.0,9.0,36.0,19.9,31.1,0.0,0.0,0.0,0.0,0.0,41.7,32.0,51.0,30,321
11,18,24.0,9.0,39.0,17.0,32.3,0.0,0.0,0.0,0.0,0.0,41.4,32.0,50.0,30,322
11,19,24.0,9.0,37.0,13.8,33.1,0.0,0.0,0.0,0.0,0.0,41.0,32.0,50.0,30,323
11,20,24.0,5.0,37.0,11.0,33.1,0.0,0.0,0.0,0.0,0.0,40.7,32.0,50.0,30,324
11,21,25.0,6.0,36.0,17.0,33.0,0.0,0.0,0.0,0.0,0.0,40.3,31.0,49.0,30,325
11,22,25.0,8.0,50.0,16.7,33.3,0.0,0.0,0.0,0.0,0.0,40.0,31.0,49.0,30,326
11,23,25.0,7.0,46.0,13.8,37.0,0.0,0.0,0.0,0.0,0.0,39.6,31.0,48.0,30,327
11,24,26.0,3.0,43.0,16.7,36.1,0.0,0.0,0.0,0.0,0.0,39.3,30.0,48.0,30,328
11,25,26.0,10.0,43.0,14.9,39.1,0.0,0.0,0.0,0.0,0.0,38.9,30.0,48.0,30,329
11,26,26.0,12.0,43.0,16.0,31.2,0.0,0.0,0.0,0.0,0.0,38.6,30.0,47.0,30,330
11,27,27.0,8.0,38.0,17.7,35.1,0.0,0.0,0.0,0.0,0.0,38.3,30.0,47.0,30,331
11,28,27.0,7.0,44.0,13.9,35.1,0.0,0.0,0.0,0.0,0.0,37.9,29.0,46.0,30,332
11,29,27.0,8.0,39.0,15.9,37.0,0.0,0.0,0.0,0.0,0.0,37.6,29.0,46.0,30,333
11,30,28.0,7.0,42.0,13.9,35.1,0.0,0.0,0.0,0.0,0.0,37.2,29.0,46.0,30,334
12,1,28.0,6.0,39.0,14.5,36.0,0.0,0.0,0.0,0.0,0.0,36.9,28.0,45.0,30,335
12,2,28.0,16.0,43.0,21.9,37.3,0.0,0.0,0.0,0.0,0.0,36.6,28.0,45.0,30,336
12,3,29.0,8.0,44.0,19.8,35.5,0.0,0.0,0.0,0.0,0.0,36.3,28.0,45.0,30,337
12,4,29.0,7.0,45.0,18.9,38.2,0.0,0.0,0.0,0.0,0.0,36.0,28.0,44.0,30,338
12,5,29.0,9.0,43.0,16.9,41.1,0.0,0.0,0.0,0.0,0.0,35.6,27.0,44.0,30,339
12,6,30.0,3.0,43.0,13.6,42.0,0.0,0.0,0.0,0.0,0.0,35.3,27.0,44.0,30,340
12,7,30.0,4.0,42.0,21.3,40.1,0.0,0.0,0.0,0.0,0.0,35.0,27.0,43.0,30,341
12,8,30.0,19.0,47.0,23.0,43.1,0.0,0.0,0.0,0.0,0.0,34.7,27.0,43.0,30,342
12,9,31.0,14.0,48.0,25.9,43.3,0.0,0.0,0.0,0.0,0.0,34.4,26.0,42.0,30,343
12,10,31.0,14.0,49.0,20.8,42.2,0.0,0.0,0.0,0.0,0.0,34.1,26.0,42.0,30,344
12,11,31.0,17.0,47.0,24.0,42.0,0.0,0.0,0.0,0.0,0.0,33.8,26.0,42.0,30,345
12,12,32.0,13.0,48.0,26.9,43.1,0.0,0.0,0.0,0.0,0.0,33.5,26.0,42.0,30,346
12,13,32.0,15.0,51.0,19.0,43.1,0.0,0.0,0.0,0.0,0.0,33.3,25.0,41.0,30,347
12,14,32.0,12.0,55.0,19.0,46.1,0.0,0.0,0.0,0.0,0.0,33.0,25.0,41.0,30,348
12,15,32.0,12.0,52.0,18.9,42.6,0.0,0.0,0.0,0.0,0.0,32.7,25.0,41.0,30,349
12,16,33.0,22.0,51.0,22.9,44.0,0.0,0.0,0.0,0.0,0.0,32.4,24.0,40.0,30,350
12,17,33.0,15.0,57.0,20.9,45.2,0.0,0.0,0.0,0.0,0.0,32.2,24.0,40.0,30,351
12,18,33.0,15.0,47.0,23.9,44.0,0.0,0.0,0.0,0.0,0.0,31.9,24.0,40.0,30,352
12,19,33.0,23.0,51.0,26.8,45.4,0.0,0.0,0.0,0.0,0.0,31.6,24.0,40.0,30,353
12,20,34.0,17.0,55.0,26.0,43.4,0.0,0.0,0.0,0.0,0.0,31.4,24.0,39.0,30,354
12,21,34.0,15.0,51.0,19.9,43.0,0.0,0.0,0.0,0.0,0.0,31.1,23.0,39.0,30,355
12,22,34.0,9.0,48.0,18.6,41.1,0.0,0.0,0.0,0.0,0.0,30.9,23.0,39.0,30,356
12,23,34.0,17.0,48.0,20.8,45.0,0.0,0.0,0.0,0.0,0.0,30.6,23.0,38.0,30,357
12,24,35.0,7.0,46.0,20.9,41.2,0.0,0.0,0.0,0.0,0.0,30.4,23.0,38.0,30,358
12,25,35.0,14.0,50.0,17.8,42.3,0.0,0.0,0.0,0.0,0.0,30.2,22.0,38.0,30,359
12,26,35.0,16.0,50.0,25.0,43.5,0.0,0.0,0.0,0.0,0.0,30.0,22.0,38.0,30,360
12,27,35.0,15.0,56.0,23.0,47.2,0.0,0.0,0.0,0.0,0.0,29.7,22.0,38.0,30,361
12,28,36.0,15.0,58.0,22.9,47.3,0.0,0.0,0.0,0.0,0.0,29.5,22.0,37.0,30,362
12,29,36.0,17.0,57.0,24.9,44.0,0.0,0.0,0.0,0.0,0.0,29.3,21.0,37.0,30,363
12,30,36.0,23.0,57.0,26.9,43.1,0.0,0.0,0.0,0.0,0.0,29.1,21.0,37.0,30,364
12,31,36.0,20.0,61.0,26.8,46.2,0.0,0.0,0.0,0.0,0.0,28.9,21.0,37.0,30,365
