Month,Day,HDD65_mean,HDD65_min,HDD65_max,HDD65_p10,HDD65_p90,CDD65_mean,CDD65_min,CDD65_max,CDD65_p10,CDD65_p90,Tmean_mean,Tmin_mean,Tmax_mean,Samples,DayOfYear
1,1,35.51,33.9,39.84,33.9,36.879000000000005,0.0,0.0,0.0,0.0,0.0,29.490000000000002,23.58,35.400000000000006,18,1
1,2,37.93,30.299999999999997,43.17,30.299999999999997,43.17,0.0,0.0,0.0,0.0,0.0,27.07,19.799999999999997,34.34,18,2
1,3,42.97,34.17,49.65,34.17,49.65,0.0,0.0,0.0,0.0,0.0,22.03,18.24,25.82,18,3
1,4,37.79,23.82,43.89,29.742,43.89,0.0,0.0,0.0,0.0,0.0,27.209999999999997,21.0,33.42,18,4
1,5,40.370000000000005,33.45,45.24,33.45,45.24,0.0,0.0,0.0,0.0,0.0,24.63,17.34,31.919999999999998,18,5
1,6,40.43,33.81,48.39,33.81,44.48400000000001,0.0,0.0,0.0,0.0,0.0,24.57,19.44,29.700000000000003,18,6
1,7,38.98,36.06,52.44,36.06,42.36000000000001,0.0,0.0,0.0,0.0,0.0,26.02,19.099999999999998,32.940000000000005,18,7
1,8,41.46,36.69,55.32,36.69,45.68100000000001,0.0,0.0,0.0,0.0,0.0,23.540000000000003,16.66,30.419999999999998,18,8
1,9,44.61,39.39,48.03,39.39,48.03,0.0,0.0,0.0,0.0,0.0,20.39,13.7,27.08,18,9
1,10,45.57,36.24,50.46,36.24,50.46,0.0,0.0,0.0,0.0,0.0,19.429999999999996,10.919999999999996,27.939999999999998,18,10
1,11,42.96,40.019999999999996,45.33,40.019999999999996,44.574,0.0,0.0,0.0,0.0,0.0,22.040000000000003,13.600000000000001,30.48,18,11
1,12,39.45,35.160000000000004,42.72,35.160000000000004,42.72,0.0,0.0,0.0,0.0,0.0,25.549999999999997,17.36,33.739999999999995,18,12
1,13,41.489999999999995,34.44,46.14,34.44,45.195,0.0,0.0,0.0,0.0,0.0,23.51,14.82,32.2,18,13
1,14,36.67,30.93,49.29,30.93,41.10000000000001,0.0,0.0,0.0,0.0,0.0,28.33,21.08,35.58,18,14
1,15,32.72,30.840000000000003,43.71,30.840000000000003,35.26800000000001,0.0,0.0,0.0,0.0,0.0,32.28,26.08,38.48,18,15
1,16,31.34,26.61,42.63,26.61,35.13300000000001,0.0,0.0,0.0,0.0,0.0,33.66,25.799999999999997,41.52,18,16
1,17,34.62,30.21,50.55,30.21,39.02100000000001,0.0,0.0,0.0,0.0,0.0,30.380000000000003,25.5,35.260000000000005,18,17
1,18,31.649999999999995,30.39,32.37,30.39,32.37,0.0,0.0,0.0,0.0,0.0,33.35,28.0,38.7,18,18
1,19,32.66,32.46,32.910000000000004,32.46,32.910000000000004,0.0,0.0,0.0,0.0,0.0,32.34,27.04,37.64,18,19
1,20,35.400000000000006,34.17,37.68,34.17,36.987,0.0,0.0,0.0,0.0,0.0,29.599999999999998,23.299999999999997,35.900000000000006,18,20
1,21,36.550000000000004,35.34,41.91,35.34,38.319,0.0,0.0,0.0,0.0,0.0,28.449999999999996,20.86,36.04,18,21
1,22,34.75,30.75,37.95,30.75,36.942,0.0,0.0,0.0,0.0,0.0,30.25,23.9,36.6,18,22
1,23,40.7,39.21,43.260000000000005,39.21,43.260000000000005,0.0,0.0,0.0,0.0,0.0,24.299999999999997,15.5,33.099999999999994,18,23
1,24,38.52,34.35,46.14,34.35,46.14,0.0,0.0,0.0,0.0,0.0,26.48,18.220000000000002,34.74,18,24
1,25,28.16,17.61,41.370000000000005,17.61,41.370000000000005,0.0,0.0,0.0,0.0,0.0,36.84,29.279999999999998,44.400000000000006,18,25
1,26,35.57,31.560000000000002,46.59,31.560000000000002,40.983000000000004,0.0,0.0,0.0,0.0,0.0,29.43,22.799999999999997,36.06,18,26
1,27,35.95,33.45,49.74,33.45,39.78600000000001,0.0,0.0,0.0,0.0,0.0,29.049999999999997,23.32,34.78,18,27
1,28,41.48,38.22,53.25,38.22,46.06800000000001,0.0,0.0,0.0,0.0,0.0,23.52,14.900000000000002,32.14,18,28
1,29,52.379999999999995,51.269999999999996,54.51,51.269999999999996,54.51,0.0,0.0,0.0,0.0,0.0,12.62,7.260000000000001,17.98,18,29
1,30,51.68,44.43,52.89,49.785,52.89,0.0,0.0,0.0,0.0,0.0,13.32,4.46,22.18,18,30
1,31,48.89,44.07,56.85,44.07,53.511,0.0,0.0,0.0,0.0,0.0,16.11,7.199999999999999,25.02,18,31
2,1,42.589999999999996,30.119999999999997,53.879999999999995,30.119999999999997,53.879999999999995,0.0,0.0,0.0,0.0,0.0,22.41,15.16,29.66,18,32
2,2,38.010000000000005,25.980000000000004,48.84,27.051,48.84,0.0,0.0,0.0,0.0,0.0,26.99,17.84,36.14,18,33
2,3,32.099999999999994,20.4,51.81,20.4,42.86400000000001,0.0,0.0,0.0,0.0,0.0,32.900000000000006,23.6,42.2,18,34
2,4,30.84,22.92,59.55,22.92,45.62700000000001,0.0,0.0,0.0,0.0,0.0,34.16,25.980000000000004,42.34,18,35
2,5,26.630000000000003,21.840000000000003,38.94,21.840000000000003,35.853,0.0,0.0,0.0,0.0,0.0,38.37,28.759999999999998,47.98,18,36
2,6,34.03,30.03,48.75,30.974999999999998,39.17400000000001,0.0,0.0,0.0,0.0,0.0,30.970000000000002,24.84,37.099999999999994,18,37
2,7,33.87,28.5,52.08,28.5,40.299000000000014,0.0,0.0,0.0,0.0,0.0,31.130000000000003,25.84,36.42,18,38
2,8,33.78999999999999,28.049999999999997,53.519999999999996,28.049999999999997,42.495000000000005,0.0,0.0,0.0,0.0,0.0,31.209999999999997,22.200000000000003,40.22,18,39
2,9,38.81,26.520000000000003,47.400000000000006,32.505,42.801,0.0,0.0,0.0,0.0,0.0,26.19,20.24,32.14,18,40
2,10,39.32,22.200000000000003,49.2,27.618000000000002,44.85300000000001,0.0,0.0,0.0,0.0,0.0,25.68,17.88,33.48,18,41
2,11,37.64,28.68,55.14,29.688,42.981000000000016,0.0,0.0,0.0,0.0,0.0,27.36,21.119999999999997,33.599999999999994,18,42
2,12,39.099999999999994,21.299999999999997,56.940000000000005,26.844,46.60800000000001,0.0,0.0,0.0,0.0,0.0,25.9,18.619999999999997,33.18,18,43
2,13,35.36,26.700000000000003,43.980000000000004,31.110000000000003,43.980000000000004,0.0,0.0,0.0,0.0,0.0,29.64,23.32,35.96,18,44
2,14,34.620000000000005,25.439999999999998,41.370000000000005,31.299000000000003,38.976000000000006,0.0,0.0,0.0,0.0,0.0,30.380000000000003,25.040000000000003,35.72,18,45
2,15,28.86,22.739999999999995,40.2,24.63,38.940000000000005,0.0,0.0,0.0,0.0,0.0,36.14,28.14,44.14000000000001,18,46
2,16,30.900000000000002,15.0,45.6,21.552,37.97700000000001,0.0,0.0,0.0,0.0,0.0,34.099999999999994,26.459999999999997,41.739999999999995,18,47
2,17,33.669999999999995,25.979999999999997,51.0,25.979999999999997,40.92000000000001,0.0,0.0,0.0,0.0,0.0,31.330000000000002,21.779999999999998,40.88,18,48
2,18,39.17999999999999,32.19,44.79,34.016999999999996,44.349,0.0,0.0,0.0,0.0,0.0,25.82,17.799999999999997,33.84,18,49
2,19,41.45,30.03,48.120000000000005,30.786,48.120000000000005,0.0,0.0,0.0,0.0,0.0,23.55,15.84,31.259999999999998,18,50
2,20,38.44,19.86,44.07,28.302000000000003,44.07,0.0,0.0,0.0,0.0,0.0,26.56,19.64,33.48,18,51
2,21,31.970000000000002,27.42,37.68,28.365,36.609,0.0,0.0,0.0,0.0,0.0,33.03,26.86,39.2,18,52
2,22,34.48,30.479999999999997,48.03,30.921,39.46200000000001,0.0,0.0,0.0,0.0,0.0,30.52,23.82,37.22,18,53
2,23,33.44,26.43,48.12,29.580000000000002,37.662000000000006,0.0,0.0,0.0,0.0,0.0,31.560000000000002,25.24,37.88,18,54
2,24,34.28,28.5,39.39,28.5,39.39,0.0,0.0,0.0,0.0,0.0,30.720000000000002,24.799999999999997,36.64,18,55
2,25,39.37,36.33,44.88,36.33,44.691,0.0,0.0,0.0,0.0,0.0,25.63,20.04,31.219999999999995,18,56
2,26,42.870000000000005,33.9,47.400000000000006,35.979,47.400000000000006,0.0,0.0,0.0,0.0,0.0,22.13,16.099999999999998,28.16,18,57
2,27,44.809999999999995,33.99,48.66,35.376,48.66,0.0,0.0,0.0,0.0,0.0,20.19,13.500000000000002,26.880000000000003,18,58
2,28,36.34,29.22,41.82,32.622,40.875,0.0,0.0,0.0,0.0,0.0,28.66,17.88,39.440000000000005,18,59
3,1,25.709999999999997,18.689999999999998,34.71,18.689999999999998,34.71,0.0,0.0,0.0,0.0,0.0,39.29,31.279999999999998,47.3,18,60
3,2,30.650000000000002,27.869999999999997,33.81,28.878,33.81,0.0,0.0,0.0,0.0,0.0,34.349999999999994,28.5,40.199999999999996,18,61
3,3,33.099999999999994,26.880000000000003,44.16,26.880000000000003,44.16,0.0,0.0,0.0,0.0,0.0,31.900000000000002,25.959999999999997,37.84,18,62
3,4,32.61,28.590000000000003,39.39,28.590000000000003,39.39,0.0,0.0,0.0,0.0,0.0,32.39,24.74,40.04,18,63
3,5,28.379999999999995,24.269999999999996,30.659999999999997,24.269999999999996,30.659999999999997,0.0,0.0,0.0,0.0,0.0,36.620000000000005,29.700000000000003,43.54,18,64
3,6,26.099999999999998,18.6,30.119999999999997,18.6,30.119999999999997,0.0,0.0,0.0,0.0,0.0,38.900000000000006,31.400000000000002,46.400000000000006,18,65
3,7,30.869999999999997,28.409999999999997,32.55,28.409999999999997,32.172,0.0,0.0,0.0,0.0,0.0,34.13,26.76,41.5,18,66
3,8,32.79,31.739999999999995,33.63,31.739999999999995,33.63,0.0,0.0,0.0,0.0,0.0,32.21,24.64,39.78,18,67
3,9,34.06,28.409999999999997,36.42,30.93,36.42,0.0,0.0,0.0,0.0,0.0,30.940000000000005,24.18,37.7,18,68
3,10,30.950000000000003,27.060000000000002,33.54,27.060000000000002,33.54,0.0,0.0,0.0,0.0,0.0,34.05,28.42,39.68,18,69
3,11,28.900000000000002,22.560000000000002,32.55,22.560000000000002,32.55,0.0,0.0,0.0,0.0,0.0,36.099999999999994,29.16,43.04,18,70
3,12,29.790000000000003,26.61,32.01,26.61,32.01,0.0,0.0,0.0,0.0,0.0,35.21,27.040000000000003,43.38,18,71
3,13,31.599999999999998,26.79,35.07,27.231,35.07,0.0,0.0,0.0,0.0,0.0,33.400000000000006,29.16,37.64,18,72
3,14,32.55,30.659999999999997,33.9,30.659999999999997,33.9,0.0,0.0,0.0,0.0,0.0,32.45,27.6,37.3,18,73
3,15,31.119999999999997,28.86,32.55,28.86,32.297999999999995,0.0,0.0,0.0,0.0,0.0,33.88,28.200000000000003,39.56,18,74
3,16,33.29,27.959999999999994,36.78,27.959999999999994,36.78,0.0,0.0,0.0,0.0,0.0,31.709999999999997,25.959999999999997,37.46,18,75
3,17,29.310000000000002,21.21,35.25,21.21,35.25,0.0,0.0,0.0,0.0,0.0,35.69,24.98,46.400000000000006,18,76
3,18,30.14,15.0,40.11,15.0,40.11,0.0,0.0,0.0,0.0,0.0,34.86,25.9,43.82,18,77
3,19,33.48,28.409999999999997,36.24,28.409999999999997,36.24,0.0,0.0,0.0,0.0,0.0,31.52,23.42,39.62,18,78
3,20,34.129999999999995,29.310000000000002,37.769999999999996,29.310000000000002,37.769999999999996,0.0,0.0,0.0,0.0,0.0,30.869999999999997,21.18,40.56,18,79
3,21,31.380000000000003,23.909999999999997,33.63,28.257000000000005,33.63,0.0,0.0,0.0,0.0,0.0,33.62,29.86,37.379999999999995,18,80
3,22,26.11,20.759999999999998,27.15,24.54,27.15,0.0,0.0,0.0,0.0,0.0,38.89,31.439999999999998,46.34,18,81
3,23,27.709999999999997,18.239999999999995,30.299999999999997,25.107,30.299999999999997,0.0,0.0,0.0,0.0,0.0,37.29,31.16,43.42,18,82
3,24,28.919999999999998,23.009999999999998,31.29,26.979,31.29,0.0,0.0,0.0,0.0,0.0,36.080000000000005,29.36,42.8,18,83
3,25,32.27,29.4,33.81,31.164,33.81,0.0,0.0,0.0,0.0,0.0,32.73,25.7,39.76,18,84
3,26,31.23,20.849999999999994,35.79,27.654,35.79,0.0,0.0,0.0,0.0,0.0,33.77,24.86,42.68,18,85
3,27,30.07,21.21,33.99,27.005999999999997,33.99,0.0,0.0,0.0,0.0,0.0,34.93,24.720000000000002,45.14,18,86
3,28,25.78,21.03,33.9,21.03,33.9,0.0,0.0,0.0,0.0,0.0,39.22,28.879999999999995,49.559999999999995,18,87
3,29,24.48,19.769999999999996,32.1,19.769999999999996,32.1,0.0,0.0,0.0,0.0,0.0,40.52,31.84,49.2,18,88
3,30,22.619999999999997,18.15,32.73,18.15,28.509000000000004,0.0,0.0,0.0,0.0,0.0,42.38,33.300000000000004,51.46,18,89
3,31,24.59,23.009999999999998,29.04,23.009999999999998,27.339000000000002,0.0,0.0,0.0,0.0,0.0,40.41,30.939999999999998,49.88,18,90
4,1,25.910000000000004,14.280000000000001,30.57,22.092000000000006,30.57,0.0,0.0,0.0,0.0,0.0,39.089999999999996,30.419999999999998,47.76,18,91
4,2,31.530000000000005,25.53,35.7,25.53,35.7,0.0,0.0,0.0,0.0,0.0,33.47,25.4,41.54,18,92
4,3,25.159999999999997,17.159999999999997,29.489999999999995,17.159999999999997,29.489999999999995,0.0,0.0,0.0,0.0,0.0,39.84,29.700000000000003,49.980000000000004,18,93
4,4,24.04,14.099999999999994,28.770000000000003,20.462999999999997,28.770000000000003,0.0,0.0,0.0,0.0,0.0,40.96,28.92,53.0,18,94
4,5,21.64,17.61,28.5,18.113999999999997,28.5,0.0,0.0,0.0,0.0,0.0,43.36,33.46,53.260000000000005,18,95
4,6,17.970000000000002,9.96,23.64,14.307000000000002,23.64,0.0,0.0,0.0,0.0,0.0,47.03,35.36,58.699999999999996,18,96
4,7,18.21,14.82,22.92,14.82,22.92,0.0,0.0,0.0,0.0,0.0,46.79,37.2,56.38,18,97
4,8,18.43,11.579999999999998,27.33,11.579999999999998,27.33,0.0,0.0,0.0,0.0,0.0,46.57,36.62,56.52000000000001,18,98
4,9,19.41,12.75,29.04,12.75,29.04,0.0,0.0,0.0,0.0,0.0,45.59,37.46000000000001,53.72,18,99
4,10,14.579999999999997,10.229999999999997,20.22,10.229999999999997,20.22,0.0,0.0,0.0,0.0,0.0,50.42,39.480000000000004,61.36,18,100
4,11,16.98,13.020000000000003,23.1,13.775999999999996,23.1,0.0,0.0,0.0,0.0,0.0,48.02,38.5,57.54,18,101
4,12,18.150000000000002,3.9299999999999997,20.490000000000002,14.892000000000005,20.490000000000002,0.0,0.0,0.0,0.0,0.0,46.849999999999994,37.46,56.239999999999995,18,102
4,13,15.363333333333335,0.0,19.14,11.319000000000004,19.14,0.07333333333333296,0.0,0.6599999999999966,0.0,0.19799999999999945,49.71,37.94,61.47999999999999,18,103
4,14,10.733333333333334,0.0,12.75,8.169000000000004,12.75,0.49333333333333307,0.0,4.439999999999998,0.0,1.3320000000000025,54.76,43.98,65.53999999999999,18,104
4,15,18.630000000000003,5.549999999999997,23.370000000000005,12.228000000000003,23.370000000000005,0.0,0.0,0.0,0.0,0.0,46.37,37.36,55.38,18,105
4,16,22.41,6.0,27.33,15.576000000000002,27.33,0.0,0.0,0.0,0.0,0.0,42.59,35.519999999999996,49.66,18,106
4,17,18.330000000000002,9.599999999999994,23.370000000000005,11.868000000000002,23.370000000000005,0.0,0.0,0.0,0.0,0.0,46.669999999999995,37.98,55.36,18,107
4,18,15.389999999999999,9.959999999999994,18.33,9.959999999999994,18.141000000000002,0.0,0.0,0.0,0.0,0.0,49.61,37.96,61.260000000000005,18,108
4,19,15.060000000000002,13.650000000000006,20.67,13.650000000000006,17.079000000000004,0.0,0.0,0.0,0.0,0.0,49.94,40.22,59.66,18,109
4,20,14.469999999999999,11.490000000000002,18.959999999999994,11.490000000000002,18.959999999999994,0.0,0.0,0.0,0.0,0.0,50.53,40.56,60.5,18,110
4,21,16.319999999999997,11.399999999999999,18.959999999999994,12.912,18.959999999999994,0.0,0.0,0.0,0.0,0.0,48.68,36.260000000000005,61.10000000000001,18,111
4,22,22.339999999999996,11.489999999999995,28.049999999999997,14.954999999999998,28.049999999999997,0.0,0.0,0.0,0.0,0.0,42.660000000000004,34.22,51.1,18,112
4,23,21.67,13.019999999999996,25.620000000000005,18.627000000000002,25.620000000000005,0.0,0.0,0.0,0.0,0.0,43.33,33.98,52.68,18,113
4,24,18.02,13.020000000000003,27.42,13.020000000000003,27.42,0.0,0.0,0.0,0.0,0.0,46.98,36.56,57.400000000000006,18,114
4,25,18.350000000000005,15.090000000000003,24.450000000000003,15.090000000000003,24.450000000000003,0.0,0.0,0.0,0.0,0.0,46.65,37.58,55.72,18,115
4,26,19.939999999999998,15.629999999999995,20.58,18.906000000000002,20.58,0.0,0.0,0.0,0.0,0.0,45.06,35.32,54.800000000000004,18,116
4,27,16.779999999999998,16.53,17.159999999999997,16.53,17.159999999999997,0.0,0.0,0.0,0.0,0.0,48.22,37.84,58.599999999999994,18,117
4,28,10.800000000000002,7.350000000000001,16.260000000000005,7.350000000000001,15.189000000000005,0.0,0.0,0.0,0.0,0.0,54.199999999999996,43.24,65.16,18,118
4,29,10.050000000000002,8.520000000000003,15.810000000000002,8.520000000000003,12.219000000000005,0.0,0.0,0.0,0.0,0.0,54.949999999999996,44.76,65.14,18,119
4,30,14.009999999999998,10.68,17.159999999999997,10.68,17.159999999999997,0.0,0.0,0.0,0.0,0.0,50.99,42.06,59.919999999999995,18,120
5,1,14.99,8.790000000000006,20.58,8.790000000000006,20.58,0.0,0.0,0.0,0.0,0.0,50.01,37.739999999999995,62.28,18,121
5,2,12.959999999999999,8.519999999999996,16.439999999999998,8.519999999999996,16.439999999999998,0.0,0.0,0.0,0.0,0.0,52.04,43.96,60.120000000000005,18,122
5,3,13.41,11.219999999999999,15.450000000000003,11.219999999999999,15.450000000000003,0.0,0.0,0.0,0.0,0.0,51.59,41.34,61.839999999999996,18,123
5,4,13.799999999999999,12.299999999999997,18.33,12.299999999999997,18.33,0.0,0.0,0.0,0.0,0.0,51.2,42.62,59.78,18,124
5,5,8.56,1.8599999999999994,16.71,1.8599999999999994,16.71,0.0,0.0,0.0,0.0,0.0,56.44,44.78,68.1,18,125
5,6,7.510000000000001,0.0,11.579999999999998,0.0,11.579999999999998,0.07000000000000266,0.0,0.21000000000000796,0.0,0.21000000000000796,57.56000000000001,48.04,67.08,18,126
5,7,8.119999999999997,0.0,19.049999999999997,0.0,19.049999999999997,0.42999999999999733,0.0,1.289999999999992,0.0,1.289999999999992,57.309999999999995,46.419999999999995,68.19999999999999,18,127
5,8,10.049999999999999,0.0,17.07,0.0,17.07,1.8399999999999987,0.0,5.519999999999996,0.0,5.519999999999996,56.79,47.84,65.74,18,128
5,9,10.050000000000002,0.0,17.340000000000003,0.0,17.340000000000003,1.5700000000000027,0.0,4.710000000000008,0.0,4.710000000000008,56.52,46.599999999999994,66.44,18,129
5,10,10.479999999999997,3.299999999999997,14.729999999999997,6.261000000000001,14.729999999999997,0.0,0.0,0.0,0.0,0.0,54.52,44.84,64.2,18,130
5,11,8.080000000000004,0.7800000000000011,11.310000000000002,0.7800000000000011,11.310000000000002,0.0,0.0,0.0,0.0,0.0,56.919999999999995,45.82,68.02,18,131
5,12,5.336666666666668,0.0,10.590000000000003,0.0,10.590000000000003,1.0466666666666684,0.0,4.710000000000008,0.0,4.710000000000008,60.71,50.78,70.64,18,132
5,13,6.009999999999999,1.8599999999999994,17.700000000000003,1.8599999999999994,10.707000000000004,0.0,0.0,0.0,0.0,0.0,58.989999999999995,49.48,68.5,18,133
5,14,6.169999999999998,1.0499999999999972,18.42,1.0499999999999972,10.482000000000006,0.0,0.0,0.0,0.0,0.0,58.830000000000005,48.620000000000005,69.04,18,134
5,15,6.8066666666666675,0.0,16.08,0.0,14.253,0.2066666666666682,0.0,0.9300000000000068,0.0,0.9300000000000068,58.400000000000006,48.56,68.24,18,135
5,16,6.3999999999999995,2.3100000000000023,13.469999999999999,2.3100000000000023,13.469999999999999,0.0,0.0,0.0,0.0,0.0,58.599999999999994,47.96,69.24,18,136
5,17,5.950000000000002,3.8400000000000034,7.890000000000001,3.8400000000000034,7.890000000000001,0.0,0.0,0.0,0.0,0.0,59.04999999999999,49.12,68.98,18,137
5,18,6.279999999999997,3.030000000000001,8.519999999999996,3.030000000000001,7.889999999999993,0.0,0.0,0.0,0.0,0.0,58.72,49.7,67.74000000000001,18,138
5,19,12.049999999999999,6.810000000000002,16.35,6.810000000000002,16.35,0.0,0.0,0.0,0.0,0.0,52.95,45.760000000000005,60.14,18,139
5,20,9.353333333333332,0.0,17.61,4.010999999999999,17.61,0.013333333333333839,0.0,0.12000000000000455,0.0,0.03600000000000145,55.66,45.940000000000005,65.38,18,140
5,21,4.973333333333333,0.0,14.100000000000001,0.0,14.100000000000001,0.8133333333333295,0.0,3.4499999999999886,0.0,1.9379999999999926,60.839999999999996,50.94,70.74,18,141
5,22,4.629999999999999,0.0,12.659999999999997,0.0,12.659999999999997,1.7199999999999989,0.0,5.159999999999997,0.0,5.159999999999997,62.09,53.76,70.42,18,142
5,23,4.816666666666666,0.0,12.209999999999994,0.0,12.209999999999994,0.0066666666666669195,0.0,0.030000000000001137,0.0,0.030000000000001137,60.190000000000005,51.96,68.42,18,143
5,24,5.629999999999998,4.019999999999996,11.400000000000006,4.019999999999996,7.683000000000003,0.0,0.0,0.0,0.0,0.0,59.370000000000005,49.419999999999995,69.32,18,144
5,25,6.8100000000000005,4.199999999999996,19.86,4.199999999999996,10.536000000000014,0.0,0.0,0.0,0.0,0.0,58.190000000000005,48.52,67.86,18,145
5,26,8.85,5.909999999999997,14.549999999999997,5.909999999999997,12.282000000000004,0.0,0.0,0.0,0.0,0.0,56.150000000000006,47.739999999999995,64.56,18,146
5,27,4.44,0.060000000000002274,9.869999999999997,0.060000000000002274,8.484000000000002,0.0,0.0,0.0,0.0,0.0,60.559999999999995,50.28,70.84,18,147
5,28,4.39,0.0,9.869999999999997,0.0,8.168999999999999,0.07000000000000266,0.0,0.21000000000000796,0.0,0.21000000000000796,60.68,52.48,68.88000000000001,18,148
5,29,6.969999999999999,0.4200000000000017,12.39,0.4200000000000017,12.39,0.0,0.0,0.0,0.0,0.0,58.03,48.98,67.08,18,149
5,30,6.043333333333333,0.0,10.950000000000003,0.0,10.950000000000003,1.4533333333333347,0.0,5.969999999999999,0.0,3.4500000000000055,60.410000000000004,48.64,72.18,18,150
5,31,5.413333333333333,0.0,10.14,0.0,9.950999999999999,2.413333333333333,0.0,7.230000000000004,0.0,6.915000000000003,62.0,48.400000000000006,75.6,18,151
6,1,2.933333333333334,0.0,8.700000000000003,0.0,6.810000000000002,1.2333333333333358,0.0,5.430000000000007,0.0,5.430000000000007,63.300000000000004,53.82,72.78,18,152
6,2,2.01,0.0,3.9299999999999926,0.0,3.8670000000000004,1.1500000000000026,0.0,4.800000000000011,0.0,4.800000000000011,64.14,53.92,74.36,18,153
6,3,1.6033333333333342,0.0,3.9299999999999997,0.0,3.8669999999999973,0.31333333333333574,0.0,1.3799999999999955,0.0,0.8130000000000044,63.71,54.52,72.9,18,154
6,4,3.6333333333333306,0.0,10.769999999999996,0.042000000000001605,7.368,0.0433333333333334,0.0,0.39000000000000057,0.0,0.11700000000000045,61.410000000000004,53.6,69.22,18,155
6,5,4.433333333333333,0.0,11.04,1.3650000000000024,8.456999999999999,0.43333333333333396,0.0,3.9000000000000057,0.0,1.1700000000000044,61.0,52.22,69.78,18,156
6,6,4.493333333333334,0.0,8.700000000000003,0.23099999999999887,7.314000000000002,0.9433333333333328,0.0,8.489999999999995,0.0,2.5470000000000046,61.449999999999996,53.62,69.28,18,157
6,7,2.340000000000001,0.0,6.810000000000002,0.0,6.810000000000002,2.020000000000001,0.0,8.939999999999998,0.0,5.916000000000006,64.68,55.28,74.08,18,158
6,8,0.22000000000000045,0.0,0.8700000000000045,0.0,0.8700000000000045,4.8500000000000005,0.0,11.189999999999998,0.0,11.189999999999998,69.63,60.080000000000005,79.18,18,159
6,9,0.34666666666666796,0.0,1.3200000000000003,0.0,1.0050000000000037,5.296666666666669,0.0,13.530000000000001,0.0,13.530000000000001,69.94999999999999,60.68,79.22,18,160
6,10,0.32666666666666644,0.0,0.8700000000000045,0.0,0.8700000000000045,3.8966666666666674,0.0,13.89,0.0,13.89,68.57,60.04,77.10000000000001,18,161
6,11,1.4366666666666659,0.0,5.009999999999998,0.0,3.876000000000001,1.976666666666669,0.0,6.150000000000006,0.0,6.150000000000006,65.54,57.739999999999995,73.34,18,162
6,12,1.7466666666666666,0.0,6.089999999999996,0.0,3.5070000000000054,0.3866666666666687,0.0,1.740000000000009,0.0,1.740000000000009,63.64,55.580000000000005,71.69999999999999,18,163
6,13,2.596666666666666,0.0,8.159999999999997,0.0,8.159999999999997,0.8866666666666655,0.0,5.789999999999992,0.0,2.3250000000000037,63.29,55.419999999999995,71.16000000000001,18,164
6,14,1.6399999999999997,0.0,4.649999999999999,0.0,4.649999999999999,1.6400000000000006,0.0,5.700000000000003,0.0,5.700000000000003,65.0,56.18,73.82,18,165
6,15,0.4966666666666673,0.0,1.9500000000000028,0.0,1.7610000000000008,2.0166666666666657,0.0,8.039999999999992,0.0,5.267999999999999,66.52,57.16,75.88,18,166
6,16,0.8666666666666664,0.0,1.9500000000000028,0.0,1.5719999999999987,0.9666666666666655,0.0,8.669999999999987,0.0,2.622000000000003,65.1,56.46,73.74000000000001,18,167
6,17,1.1466666666666658,0.0,4.829999999999998,0.0,4.199999999999995,3.2566666666666637,0.0,7.949999999999989,0.0,7.886999999999996,67.11,57.78,76.44,18,168
6,18,2.2433333333333345,0.0,5.549999999999997,0.0,5.361,2.313333333333331,0.0,8.759999999999991,0.0,8.129999999999997,65.07,56.12,74.02,18,169
6,19,1.5499999999999972,0.0,6.269999999999996,0.0,3.119999999999999,1.5900000000000019,0.0,8.670000000000002,0.0,4.7640000000000065,65.04,56.18,73.9,18,170
6,20,1.1266666666666652,0.0,4.289999999999999,0.0,2.1479999999999997,1.956666666666665,0.0,11.009999999999991,0.0,7.9229999999999965,65.83,55.919999999999995,75.74,18,171
6,21,0.7333333333333327,0.0,3.75,0.0,3.1199999999999966,3.8033333333333355,0.0,15.510000000000005,0.0,9.588000000000005,68.07,58.300000000000004,77.84,18,172
6,22,0.4633333333333327,0.0,3.479999999999997,0.0,1.5269999999999995,3.1433333333333358,0.0,14.700000000000017,0.0,6.384000000000009,67.68,59.36,76.0,18,173
6,23,0.34333333333333216,0.0,2.489999999999995,0.0,1.1669999999999958,3.5533333333333337,0.0,6.960000000000008,0.0,6.960000000000008,68.21,60.18,76.24,18,174
6,24,0.07666666666666641,0.0,0.6899999999999977,0.0,0.2069999999999998,4.08666666666667,0.0,9.480000000000004,1.5960000000000012,9.480000000000004,69.01,60.160000000000004,77.86,18,175
6,25,0.046666666666666856,0.0,0.4200000000000017,0.0,0.1260000000000008,5.256666666666669,0.0,10.290000000000006,1.6590000000000036,10.290000000000006,70.21,60.660000000000004,79.76,18,176
6,26,0.426666666666667,0.0,3.8400000000000034,0.0,1.1520000000000037,6.036666666666668,0.0,10.289999999999992,1.2180000000000066,10.038000000000002,70.61,61.919999999999995,79.30000000000001,18,177
6,27,0.35666666666666674,0.0,3.210000000000001,0.0,0.9630000000000025,4.826666666666668,0.0,10.650000000000006,0.27300000000000046,8.193000000000005,69.47,61.68,77.26,18,178
6,28,0.11666666666666635,0.0,1.0499999999999972,0.0,0.3149999999999999,6.666666666666667,0.0,13.710000000000008,1.7850000000000084,10.748999999999999,71.55000000000001,62.300000000000004,80.80000000000001,18,179
6,29,0.0,0.0,0.0,0.0,0.0,8.550000000000004,2.3700000000000045,17.129999999999995,3.630000000000003,13.098000000000006,73.55000000000001,64.54,82.56,18,180
6,30,0.0,0.0,0.0,0.0,0.0,7.659999999999998,3.180000000000007,13.980000000000004,4.629000000000002,11.208000000000002,72.66,63.699999999999996,81.62,18,181
7,1,0.0,0.0,0.0,0.0,0.0,6.949999999999999,5.609999999999999,9.569999999999993,5.609999999999999,9.569999999999993,71.94999999999999,65.06,78.83999999999999,18,182
7,2,0.0,0.0,0.0,0.0,0.0,5.940000000000002,3.5400000000000063,11.280000000000001,3.5400000000000063,11.280000000000001,70.94,62.900000000000006,78.98,18,183
7,3,0.0,0.0,0.0,0.0,0.0,5.650000000000006,2.5500000000000114,11.64,2.5500000000000114,11.64,70.65,61.68,79.62,18,184
7,4,0.0,0.0,0.0,0.0,0.0,2.6000000000000068,1.1099999999999994,6.240000000000009,1.1099999999999994,6.240000000000009,67.60000000000001,60.82,74.38000000000001,18,185
7,5,0.0,0.0,0.0,0.0,0.0,3.8599999999999945,1.1099999999999994,5.609999999999999,1.1099999999999994,5.609999999999999,68.86,59.120000000000005,78.6,18,186
7,6,0.0,0.0,0.0,0.0,0.0,6.100000000000004,3.269999999999996,6.960000000000008,3.269999999999996,6.960000000000008,71.10000000000001,61.760000000000005,80.44,18,187
7,7,0.0,0.0,0.0,0.0,0.0,7.6200000000000045,6.960000000000008,9.030000000000001,6.960000000000008,9.030000000000001,72.62,64.69999999999999,80.54,18,188
7,8,0.0,0.0,0.0,0.0,0.0,10.419999999999996,9.659999999999997,11.64,9.659999999999997,11.64,75.42,67.54,83.30000000000001,18,189
7,9,0.0,0.0,0.0,0.0,0.0,8.240000000000002,6.420000000000002,11.370000000000005,6.420000000000002,11.370000000000005,73.24,65.42,81.06,18,190
7,10,0.0,0.0,0.0,0.0,0.0,7.080000000000003,6.599999999999994,7.859999999999999,6.599999999999994,7.859999999999999,72.08,63.919999999999995,80.24,18,191
7,11,0.0,0.0,0.0,0.0,0.0,7.379999999999999,5.969999999999999,8.219999999999999,5.969999999999999,8.219999999999999,72.38,61.04,83.71999999999998,18,192
7,12,0.0,0.0,0.0,0.0,0.0,8.859999999999996,6.599999999999994,10.019999999999996,6.599999999999994,10.019999999999996,73.86,62.480000000000004,85.24,18,193
7,13,0.0,0.0,0.0,0.0,0.0,7.789999999999996,7.409999999999997,7.949999999999989,7.409999999999997,7.949999999999989,72.78999999999999,65.5,80.08,18,194
7,14,0.0,0.0,0.0,0.0,0.0,8.550000000000004,7.77000000000001,10.379999999999995,7.77000000000001,10.379999999999995,73.55000000000001,66.4,80.69999999999999,18,195
7,15,0.0,0.0,0.0,0.0,0.0,8.970000000000002,8.310000000000002,9.930000000000007,8.310000000000002,9.930000000000007,73.97,63.760000000000005,84.18,18,196
7,16,0.0,0.0,0.0,0.0,0.0,4.730000000000004,2.730000000000004,11.189999999999998,2.730000000000004,11.189999999999998,69.73,60.54,78.92,18,197
7,17,0.0,0.0,0.0,0.0,0.0,5.560000000000002,3.180000000000007,12.269999999999996,3.180000000000007,12.269999999999996,70.56,60.339999999999996,80.78,18,198
7,18,0.0,0.0,0.0,0.0,0.0,7.5600000000000005,3.539999999999992,14.430000000000007,3.539999999999992,14.430000000000007,72.56,64.0,81.12,18,199
7,19,0.0,0.0,0.0,0.0,0.0,12.120000000000001,3.0900000000000034,16.05000000000001,3.0900000000000034,16.05000000000001,77.12,68.04,86.2,18,200
7,20,0.0,0.0,0.0,0.0,0.0,12.480000000000006,1.9200000000000017,15.960000000000008,1.9200000000000017,15.960000000000008,77.48,68.47999999999999,86.48,18,201
7,21,0.0,0.0,0.0,0.0,0.0,11.249999999999998,4.97999999999999,13.170000000000002,4.97999999999999,13.170000000000002,76.25,65.6,86.9,18,202
7,22,0.0,0.0,0.0,0.0,0.0,8.18,6.780000000000001,10.379999999999995,6.780000000000001,10.379999999999995,73.18,63.199999999999996,83.16000000000001,18,203
7,23,0.0,0.0,0.0,0.0,0.0,6.9999999999999964,4.799999999999997,12.0,4.799999999999997,12.0,72.0,63.300000000000004,80.69999999999999,18,204
7,24,0.0,0.0,0.0,0.0,0.0,5.850000000000004,3.719999999999999,7.230000000000004,3.719999999999999,7.230000000000004,70.85000000000001,61.660000000000004,80.04,18,205
7,25,0.0,0.0,0.0,0.0,0.0,6.220000000000001,5.789999999999992,6.420000000000002,5.789999999999992,6.420000000000002,71.22,60.239999999999995,82.2,18,206
7,26,0.0,0.0,0.0,0.0,0.0,7.139999999999997,5.8799999999999955,7.859999999999999,5.8799999999999955,7.859999999999999,72.14,64.0,80.28,18,207
7,27,0.0,0.0,0.0,0.0,0.0,7.989999999999998,4.439999999999998,9.39,4.439999999999998,9.39,72.99,68.19999999999999,77.78,18,208
7,28,0.0,0.0,0.0,0.0,0.0,11.83,7.859999999999999,14.969999999999999,7.859999999999999,14.969999999999999,76.83,66.06,87.6,18,209
7,29,0.0,0.0,0.0,0.0,0.0,11.23,3.4499999999999886,15.510000000000005,3.4499999999999886,15.510000000000005,76.23,65.54,86.92,18,210
7,30,0.0,0.0,0.0,0.0,0.0,9.430000000000001,2.6400000000000006,12.450000000000003,2.6400000000000006,12.450000000000003,74.43,66.38000000000001,82.48,18,211
7,31,0.0,0.0,0.0,0.0,0.0,9.940000000000001,4.799999999999997,11.730000000000004,4.799999999999997,11.730000000000004,74.94,65.30000000000001,84.58,18,212
8,1,0.0,0.0,0.0,0.0,0.0,13.07,8.850000000000009,17.75999999999999,8.850000000000009,15.239999999999998,78.07,67.68,88.46,18,213
8,2,0.0,0.0,0.0,0.0,0.0,14.850000000000001,9.47999999999999,16.590000000000003,11.747999999999998,16.590000000000003,79.85,68.74,90.96000000000001,18,214
8,3,0.0,0.0,0.0,0.0,0.0,13.669999999999998,9.030000000000001,15.599999999999994,9.849000000000002,15.599999999999994,78.67,69.7,87.64,18,215
8,4,0.0,0.0,0.0,0.0,0.0,12.130000000000006,7.680000000000007,14.52000000000001,7.680000000000007,14.52000000000001,77.13000000000001,67.84,86.42000000000002,18,216
8,5,0.0,0.0,0.0,0.0,0.0,9.590000000000002,8.939999999999998,11.189999999999998,9.066000000000003,11.189999999999998,74.59,63.72,85.46,18,217
8,6,0.0,0.0,0.0,0.0,0.0,9.470000000000002,5.969999999999999,14.790000000000006,7.481999999999997,14.790000000000006,74.47,64.74,84.2,18,218
8,7,0.0,0.0,0.0,0.0,0.0,13.150000000000007,6.780000000000001,14.790000000000006,8.607000000000001,14.790000000000006,78.15,68.66000000000001,87.64000000000001,18,219
8,8,0.0,0.0,0.0,0.0,0.0,13.71,8.400000000000006,14.969999999999999,10.03800000000001,14.969999999999999,78.71,70.64,86.78,18,220
8,9,0.0,0.0,0.0,0.0,0.0,9.009999999999993,1.8299999999999983,11.819999999999993,6.303,11.819999999999993,74.00999999999999,64.58,83.44,18,221
8,10,3.0833333333333317,0.0,5.549999999999997,0.0,5.549999999999997,2.943333333333333,0.0,10.560000000000002,0.0,10.560000000000002,64.86,57.480000000000004,72.24000000000001,18,222
8,11,0.0,0.0,0.0,0.0,0.0,3.910000000000006,2.5500000000000114,6.780000000000001,2.5500000000000114,6.780000000000001,68.91000000000001,57.64,80.18,18,223
8,12,0.0,0.0,0.0,0.0,0.0,9.769999999999998,7.22999999999999,12.540000000000006,8.489999999999998,10.776000000000002,74.77,63.78,85.76,18,224
8,13,0.0,0.0,0.0,0.0,0.0,8.630000000000003,5.700000000000003,10.830000000000013,5.700000000000003,10.011000000000003,73.63000000000001,66.12,81.14,18,225
8,14,0.0,0.0,0.0,0.0,0.0,7.400000000000001,4.890000000000001,11.909999999999997,4.890000000000001,10.965000000000002,72.4,63.52000000000001,81.28,18,226
8,15,0.0,0.0,0.0,0.0,0.0,6.960000000000004,3.0,10.02000000000001,5.2050000000000045,10.02000000000001,71.96000000000001,61.68,82.24,18,227
8,16,0.0,0.0,0.0,0.0,0.0,10.239999999999998,6.8700000000000045,12.900000000000006,7.689000000000006,12.900000000000006,75.24,65.34,85.14,18,228
8,17,0.0,0.0,0.0,0.0,0.0,9.110000000000003,7.5,12.180000000000007,7.5,12.180000000000007,74.11,64.62,83.60000000000001,18,229
8,18,0.7333333333333295,0.0,1.3199999999999932,0.0,1.3199999999999932,4.563333333333336,0.0,12.810000000000002,0.0,11.865000000000007,68.83,59.900000000000006,77.76,18,230
8,19,0.7333333333333335,0.0,1.3200000000000003,0.0,1.3200000000000003,2.963333333333332,0.0,13.800000000000011,0.0,9.201,67.22999999999999,57.52000000000001,76.94,18,231
8,20,0.0,0.0,0.0,0.0,0.0,2.7999999999999954,0.5699999999999932,13.260000000000005,0.5699999999999932,6.267000000000006,67.8,60.120000000000005,75.48,18,232
8,21,3.1899999999999986,0.0,5.369999999999997,0.0,5.369999999999997,1.8999999999999995,0.0,10.379999999999995,0.0,5.466000000000003,63.71,58.28,69.14,18,233
8,22,0.9800000000000024,0.0,1.5900000000000034,0.0,1.5900000000000034,3.4100000000000015,0.0,15.329999999999998,0.0,9.97500000000001,67.43,58.919999999999995,75.94,18,234
8,23,0.0,0.0,0.0,0.0,0.0,3.3700000000000063,1.9200000000000017,5.519999999999996,1.9200000000000017,4.890000000000002,68.37,58.919999999999995,77.82,18,235
8,24,0.0,0.0,0.0,0.0,0.0,7.42,2.460000000000008,9.75,3.215999999999997,9.75,72.42,61.38000000000001,83.46000000000001,18,236
8,25,0.0,0.0,0.0,0.0,0.0,9.520000000000001,0.030000000000001137,13.530000000000001,3.4320000000000013,13.530000000000001,74.52000000000001,64.16000000000001,84.88,18,237
8,26,0.06666666666666761,0.0,0.6000000000000085,0.0,0.180000000000003,8.156666666666663,0.0,11.819999999999993,3.2970000000000064,11.819999999999993,73.08999999999999,63.78,82.4,18,238
8,27,0.13666666666666633,0.0,1.2299999999999969,0.0,0.36899999999999994,9.136666666666665,0.0,12.629999999999995,4.494000000000002,12.629999999999995,74.0,63.980000000000004,84.02,18,239
8,28,0.0,0.0,0.0,0.0,0.0,9.519999999999996,2.0999999999999943,14.069999999999993,6.887999999999998,14.069999999999993,74.52,64.54,84.5,18,240
8,29,0.0,0.0,0.0,0.0,0.0,10.899999999999999,6.060000000000002,17.129999999999995,8.139000000000003,17.129999999999995,75.9,65.16000000000001,86.64,18,241
8,30,0.0,0.0,0.0,0.0,0.0,8.890000000000004,0.39000000000000057,14.25,3.665999999999996,14.25,73.89,63.0,84.78,18,242
8,31,0.0,0.0,0.0,0.0,0.0,7.230000000000002,1.7399999999999949,9.570000000000007,4.260000000000002,9.570000000000007,72.23,61.14,83.32,18,243
9,1,0.40666666666666706,0.0,3.6600000000000037,0.0,1.0980000000000036,4.486666666666673,0.0,7.409999999999997,3.2970000000000064,5.520000000000007,69.08,58.18,79.98,18,244
9,2,0.22666666666666735,0.0,2.0400000000000063,0.0,0.6120000000000033,2.2066666666666714,0.0,5.790000000000006,1.407000000000004,3.144000000000008,66.98,54.8,79.16000000000001,18,245
9,3,0.0,0.0,0.0,0.0,0.0,3.8800000000000003,1.289999999999992,4.530000000000001,1.730999999999999,4.530000000000001,68.88,58.22,79.54,18,246
9,4,0.0,0.0,0.0,0.0,0.0,8.229999999999995,2.009999999999991,9.929999999999993,2.3880000000000052,9.929999999999993,73.22999999999999,62.559999999999995,83.89999999999999,18,247
9,5,0.0,0.0,0.0,0.0,0.0,6.539999999999998,2.6400000000000006,7.049999999999997,5.601000000000004,7.049999999999997,71.54,65.66000000000001,77.42,18,248
9,6,0.43333333333332447,0.0,0.960000000000008,0.2939999999999913,0.5819999999999941,0.6133333333333328,0.0,5.519999999999996,0.0,1.6560000000000028,65.18,60.919999999999995,69.44,18,249
9,7,0.19666666666666702,0.0,1.7700000000000031,0.0,0.5310000000000022,2.7066666666666683,0.0,8.400000000000006,1.5960000000000012,4.116000000000007,67.51,59.86,75.16000000000001,18,250
9,8,0.0,0.0,0.0,0.0,0.0,2.1300000000000034,0.30000000000001137,10.469999999999999,0.9300000000000055,3.9810000000000083,67.13000000000001,57.28,76.98,18,251
9,9,0.3166666666666668,0.0,2.8500000000000014,0.0,0.8550000000000024,2.7466666666666635,0.0,15.060000000000002,0.9659999999999971,5.484000000000007,67.43,56.36,78.5,18,252
9,10,0.5566666666666664,0.0,5.009999999999998,0.0,1.503000000000003,5.466666666666659,0.0,14.340000000000003,3.4859999999999935,7.788,69.91,58.22,81.6,18,253
9,11,0.5866666666666668,0.0,5.280000000000001,0.0,1.584000000000004,4.036666666666672,0.0,5.8799999999999955,3.045000000000007,4.8090000000000055,68.45,59.760000000000005,77.14,18,254
9,12,0.0,0.0,0.0,0.0,0.0,4.430000000000002,0.480000000000004,5.340000000000003,1.550999999999995,5.340000000000003,69.43,62.14,76.72,18,255
9,13,0.0,0.0,0.0,0.0,0.0,4.1199999999999966,2.4599999999999937,4.439999999999998,3.2159999999999926,4.439999999999998,69.11999999999999,61.96000000000001,76.28,18,256
9,14,0.0,0.0,0.0,0.0,0.0,2.9499999999999997,0.29999999999999716,10.289999999999992,1.6860000000000004,4.683000000000004,67.94999999999999,58.14,77.76,18,257
9,15,3.8433333333333355,0.0,4.920000000000002,0.105000000000004,4.920000000000002,0.24333333333333307,0.0,2.1899999999999977,0.0,0.6570000000000009,61.400000000000006,51.78,71.02,18,258
9,16,4.899999999999998,0.8700000000000045,5.549999999999997,3.326999999999999,5.549999999999997,0.0,0.0,0.0,0.0,0.0,60.099999999999994,48.7,71.5,18,259
9,17,3.979999999999997,0.060000000000002274,6.359999999999999,2.9579999999999984,4.847999999999998,0.0,0.0,0.0,0.0,0.0,61.02000000000001,50.599999999999994,71.44,18,260
9,18,0.48666666666666614,0.0,4.3799999999999955,0.0,1.3140000000000018,5.086666666666663,0.0,7.140000000000001,3.863999999999998,6.0059999999999985,69.6,60.36,78.83999999999999,18,261
9,19,0.7466666666666666,0.0,6.719999999999999,0.0,2.0160000000000045,6.436666666666667,0.0,7.5,3.8010000000000055,7.5,70.69,62.260000000000005,79.12,18,262
9,20,0.7766666666666661,0.0,6.989999999999995,0.0,2.0970000000000035,3.416666666666673,0.0,8.490000000000009,2.2260000000000053,4.773000000000011,67.64000000000001,58.96,76.32,18,263
9,21,0.2666666666666673,0.0,2.4000000000000057,0.0,0.7200000000000034,1.586666666666673,0.0,7.77000000000001,0.6510000000000049,2.9820000000000126,66.32000000000001,56.080000000000005,76.56,18,264
9,22,1.9133333333333349,0.0,2.3100000000000023,0.7349999999999982,2.3100000000000023,0.6733333333333336,0.0,6.060000000000002,0.0,1.818000000000005,63.760000000000005,53.78,73.74,18,265
9,23,9.216666666666669,0.0,11.850000000000001,0.0,11.850000000000001,1.4366666666666674,0.0,8.129999999999995,0.0,5.799000000000009,57.22,49.52,64.92,18,266
9,24,8.333333333333334,0.0,9.96,3.6960000000000015,9.96,0.5833333333333334,0.0,5.25,0.0,1.5750000000000037,57.25,45.879999999999995,68.62,18,267
9,25,6.0000000000000036,5.3700000000000045,8.340000000000003,5.3700000000000045,8.151000000000002,0.0,0.0,0.0,0.0,0.0,59.0,48.56,69.44,18,268
9,26,2.8499999999999974,0.6899999999999977,11.489999999999995,0.6899999999999977,9.977999999999998,0.0,0.0,0.0,0.0,0.0,62.150000000000006,54.440000000000005,69.86,18,269
9,27,4.003333333333335,0.0,4.560000000000002,2.8770000000000002,4.560000000000002,0.09333333333333371,0.0,0.8400000000000034,0.0,0.2520000000000016,61.089999999999996,53.3,68.88,18,270
9,28,4.740000000000001,1.5900000000000034,5.280000000000001,3.354000000000001,5.280000000000001,0.0,0.0,0.0,0.0,0.0,60.260000000000005,51.28,69.24000000000001,18,271
9,29,6.870000000000001,5.459999999999994,7.170000000000002,5.964000000000003,7.170000000000002,0.0,0.0,0.0,0.0,0.0,58.129999999999995,50.16,66.1,18,272
9,30,10.719999999999997,10.32,10.770000000000003,10.634999999999998,10.769999999999998,0.0,0.0,0.0,0.0,0.0,54.28,46.0,62.559999999999995,18,273
10,1,8.770000000000001,5.549999999999997,10.950000000000003,5.549999999999997,10.950000000000003,0.0,0.0,0.0,0.0,0.0,56.23,48.98,63.47999999999999,18,274
10,2,9.12,6.180000000000007,12.659999999999997,6.180000000000007,12.659999999999997,0.0,0.0,0.0,0.0,0.0,55.88,48.3,63.46,18,275
10,3,9.51,0.23999999999999488,15.090000000000003,0.23999999999999488,15.090000000000003,0.0,0.0,0.0,0.0,0.0,55.489999999999995,48.58,62.400000000000006,18,276
10,4,9.139999999999999,5.640000000000001,11.759999999999998,5.640000000000001,11.759999999999998,0.0,0.0,0.0,0.0,0.0,55.86,49.22,62.5,18,277
10,5,10.049999999999999,6.539999999999999,16.709999999999994,6.539999999999999,16.709999999999994,0.0,0.0,0.0,0.0,0.0,54.95,48.28,61.620000000000005,18,278
10,6,7.48,3.1200000000000045,16.08,3.1200000000000045,16.08,0.0,0.0,0.0,0.0,0.0,57.519999999999996,46.46,68.58,18,279
10,7,3.799999999999997,1.5,7.799999999999997,1.5,7.799999999999997,0.0,0.0,0.0,0.0,0.0,61.20000000000001,49.92,72.48,18,280
10,8,8.389999999999999,1.230000000000004,16.259999999999998,1.230000000000004,16.259999999999998,0.0,0.0,0.0,0.0,0.0,56.61,46.980000000000004,66.24,18,281
10,9,9.31,3.3900000000000006,15.990000000000002,3.3900000000000006,15.990000000000002,0.0,0.0,0.0,0.0,0.0,55.69,47.059999999999995,64.32,18,282
10,10,8.429999999999998,5.730000000000004,10.319999999999993,5.730000000000004,10.319999999999993,0.0,0.0,0.0,0.0,0.0,56.57,48.26,64.88000000000001,18,283
10,11,8.720000000000002,2.0400000000000063,12.120000000000005,2.0400000000000063,12.120000000000005,0.0,0.0,0.0,0.0,0.0,56.28,46.98,65.58,18,284
10,12,7.91,2.9399999999999977,12.57,2.9399999999999977,12.57,0.0,0.0,0.0,0.0,0.0,57.09,47.34,66.84,18,285
10,13,4.710000000000002,1.1400000000000006,11.310000000000002,1.1400000000000006,11.310000000000002,0.0,0.0,0.0,0.0,0.0,60.29,51.5,69.08,18,286
10,14,6.326666666666668,0.0,10.14,0.0,10.14,0.3866666666666687,0.0,1.740000000000009,0.0,1.740000000000009,59.059999999999995,50.78,67.33999999999999,18,287
10,15,7.1966666666666645,0.0,9.599999999999994,0.0,9.599999999999994,0.30666666666666564,0.0,1.3799999999999955,0.0,1.3799999999999955,58.11,49.419999999999995,66.80000000000001,18,288
10,16,8.110000000000003,0.4200000000000017,12.209999999999994,0.4200000000000017,12.209999999999994,0.0,0.0,0.0,0.0,0.0,56.89,49.34,64.44,18,289
10,17,12.079999999999998,8.969999999999999,16.980000000000004,8.969999999999999,16.980000000000004,0.0,0.0,0.0,0.0,0.0,52.92,46.48,59.36,18,290
10,18,16.06,14.64,16.979999999999997,14.64,16.979999999999997,0.0,0.0,0.0,0.0,0.0,48.940000000000005,40.6,57.28,18,291
10,19,18.52,13.11,20.58,13.11,20.58,0.0,0.0,0.0,0.0,0.0,46.48,39.72,53.24,18,292
10,20,14.110000000000001,4.020000000000003,17.61,4.020000000000003,17.61,0.0,0.0,0.0,0.0,0.0,50.89,42.48,59.29999999999999,18,293
10,21,12.229999999999999,2.5799999999999983,17.25,2.5799999999999983,17.25,0.0,0.0,0.0,0.0,0.0,52.77,43.74,61.800000000000004,18,294
10,22,11.919999999999998,5.100000000000001,18.599999999999994,5.100000000000001,18.599999999999994,0.0,0.0,0.0,0.0,0.0,53.080000000000005,44.5,61.660000000000004,18,295
10,23,14.25,11.04,19.769999999999996,11.04,19.769999999999996,0.0,0.0,0.0,0.0,0.0,50.75,43.88,57.620000000000005,18,296
10,24,13.850000000000005,8.430000000000007,19.230000000000004,8.430000000000007,19.230000000000004,0.0,0.0,0.0,0.0,0.0,51.15,45.64,56.66,18,297
10,25,7.169999999999997,0.9599999999999937,17.07,0.9599999999999937,17.07,0.0,0.0,0.0,0.0,0.0,57.830000000000005,49.48,66.18,18,298
10,26,7.513333333333332,0.0,16.439999999999998,0.0,16.439999999999998,0.4133333333333364,0.0,0.9300000000000068,0.0,0.9300000000000068,57.900000000000006,50.44,65.36,18,299
10,27,13.17,11.219999999999999,15.090000000000003,11.219999999999999,15.090000000000003,0.0,0.0,0.0,0.0,0.0,51.830000000000005,44.760000000000005,58.900000000000006,18,300
10,28,18.259999999999998,16.259999999999998,19.5,16.259999999999998,19.5,0.0,0.0,0.0,0.0,0.0,46.74,38.440000000000005,55.04,18,301
10,29,17.470000000000002,17.07,18.510000000000005,17.07,18.510000000000005,0.0,0.0,0.0,0.0,0.0,47.53,37.3,57.760000000000005,18,302
10,30,13.250000000000002,9.239999999999995,16.980000000000004,9.239999999999995,16.980000000000004,0.0,0.0,0.0,0.0,0.0,51.75,42.06,61.440000000000005,18,303
10,31,11.619999999999997,9.599999999999994,14.549999999999997,9.599999999999994,14.549999999999997,0.0,0.0,0.0,0.0,0.0,53.38,42.32,64.44,18,304
11,1,22.519999999999996,19.5,23.459999999999994,19.5,23.459999999999994,0.0,0.0,0.0,0.0,0.0,42.480000000000004,37.620000000000005,47.34,18,305
11,2,20.17,2.3999999999999986,25.980000000000004,2.3999999999999986,25.980000000000004,0.0,0.0,0.0,0.0,0.0,44.83,39.14,50.52,18,306
11,3,17.86,7.349999999999994,21.39,7.349999999999994,21.39,0.0,0.0,0.0,0.0,0.0,47.14,37.32,56.96,18,307
11,4,15.860000000000001,13.649999999999999,24.0,13.649999999999999,20.094000000000005,0.0,0.0,0.0,0.0,0.0,49.14,39.18,59.099999999999994,18,308
11,5,13.58,11.579999999999998,26.160000000000004,11.579999999999998,17.15100000000001,0.0,0.0,0.0,0.0,0.0,51.42,43.86,58.97999999999999,18,309
11,6,16.77,9.780000000000001,23.009999999999998,9.780000000000001,19.545000000000005,0.0,0.0,0.0,0.0,0.0,48.23,43.48,52.98,18,310
11,7,22.689999999999998,17.97,24.090000000000003,21.497999999999998,24.090000000000003,0.0,0.0,0.0,0.0,0.0,42.31,35.400000000000006,49.22,18,311
11,8,24.96,10.86,27.240000000000002,20.877000000000002,27.240000000000002,0.0,0.0,0.0,0.0,0.0,40.04,31.439999999999998,48.64,18,312
11,9,18.289999999999996,10.409999999999997,24.54,15.386999999999997,24.54,0.0,0.0,0.0,0.0,0.0,46.71000000000001,38.36,55.059999999999995,18,313
11,10,19.61,12.21,29.58,15.926999999999998,29.58,0.0,0.0,0.0,0.0,0.0,45.39000000000001,34.739999999999995,56.04,18,314
11,11,19.689999999999998,13.739999999999995,35.79,13.739999999999995,35.79,0.0,0.0,0.0,0.0,0.0,45.31,36.12,54.5,18,315
11,12,18.059999999999995,14.189999999999998,27.33,14.189999999999998,27.33,0.0,0.0,0.0,0.0,0.0,46.940000000000005,36.54,57.339999999999996,18,316
11,13,24.69,17.07,28.950000000000003,22.299,28.950000000000003,0.0,0.0,0.0,0.0,0.0,40.31,32.28,48.34,18,317
11,14,27.39,9.329999999999998,30.119999999999997,22.560000000000006,30.119999999999997,0.0,0.0,0.0,0.0,0.0,37.61,32.12,43.099999999999994,18,318
11,15,28.940000000000005,8.159999999999997,32.910000000000004,21.642000000000003,32.910000000000004,0.0,0.0,0.0,0.0,0.0,36.059999999999995,29.220000000000002,42.9,18,319
11,16,24.75,12.75,28.770000000000003,16.908,28.770000000000003,0.0,0.0,0.0,0.0,0.0,40.25,34.46,46.04,18,320
11,17,23.400000000000002,20.85,31.47,20.85,31.47,0.0,0.0,0.0,0.0,0.0,41.599999999999994,33.580000000000005,49.62,18,321
11,18,32.18,26.519999999999996,34.8,26.519999999999996,34.8,0.0,0.0,0.0,0.0,0.0,32.82,23.880000000000003,41.76,18,322
11,19,32.22,18.959999999999994,37.68,18.959999999999994,37.68,0.0,0.0,0.0,0.0,0.0,32.78,25.48,40.08,18,323
11,20,28.17,12.75,30.57,23.901000000000003,30.57,0.0,0.0,0.0,0.0,0.0,36.830000000000005,29.48,44.18,18,324
11,21,32.29,21.480000000000004,37.68,21.480000000000004,37.68,0.0,0.0,0.0,0.0,0.0,32.71,26.14,39.28,18,325
11,22,31.09,21.840000000000003,35.25,21.840000000000003,35.25,0.0,0.0,0.0,0.0,0.0,33.91,25.14,42.68,18,326
11,23,23.649999999999995,21.209999999999994,31.200000000000003,21.209999999999994,31.200000000000003,0.0,0.0,0.0,0.0,0.0,41.35,33.04,49.66,18,327
11,24,17.01,11.490000000000002,28.319999999999993,11.490000000000002,28.319999999999993,0.0,0.0,0.0,0.0,0.0,47.99,39.84,56.14,18,328
11,25,18.019999999999996,16.799999999999997,21.119999999999997,16.799999999999997,21.119999999999997,0.0,0.0,0.0,0.0,0.0,46.980000000000004,38.84,55.120000000000005,18,329
11,26,27.22,15.719999999999999,29.04,23.973,29.04,0.0,0.0,0.0,0.0,0.0,37.78,32.36,43.2,18,330
11,27,32.940000000000005,15.36,36.96,25.377000000000002,36.96,0.0,0.0,0.0,0.0,0.0,32.059999999999995,25.82,38.3,18,331
11,28,36.51,10.230000000000004,42.72,24.783,42.72,0.0,0.0,0.0,0.0,0.0,28.490000000000002,19.839999999999996,37.14,18,332
11,29,33.980000000000004,9.060000000000002,42.81,16.683000000000003,42.81,0.0,0.0,0.0,0.0,0.0,31.019999999999996,21.32,40.72,18,333
11,30,23.040000000000003,16.980000000000004,30.93,16.980000000000004,30.93,0.0,0.0,0.0,0.0,0.0,41.96,31.759999999999998,52.16,18,334
12,1,25.799999999999997,17.519999999999996,37.41,17.519999999999996,37.41,0.0,0.0,0.0,0.0,0.0,39.2,30.82,47.580000000000005,18,335
12,2,34.03,29.04,40.379999999999995,29.04,40.379999999999995,0.0,0.0,0.0,0.0,0.0,30.970000000000002,25.68,36.260000000000005,18,336
12,3,34.76,27.6,42.36,27.726000000000003,42.36,0.0,0.0,0.0,0.0,0.0,30.240000000000002,23.56,36.919999999999995,18,337
12,4,29.900000000000002,19.14,37.86,19.14,37.86,0.0,0.0,0.0,0.0,0.0,35.099999999999994,27.099999999999998,43.099999999999994,18,338
12,5,31.560000000000002,17.07,40.74,23.748,40.74,0.0,0.0,0.0,0.0,0.0,33.44,28.540000000000003,38.34,18,339
12,6,33.29,21.659999999999997,36.24,29.661000000000005,36.24,0.0,0.0,0.0,0.0,0.0,31.709999999999997,25.86,37.56,18,340
12,7,37.13,28.409999999999997,41.28,32.882999999999996,41.28,0.0,0.0,0.0,0.0,0.0,27.869999999999997,22.58,33.16,18,341
12,8,37.669999999999995,33.81,39.57,36.077999999999996,39.57,0.0,0.0,0.0,0.0,0.0,27.33,21.38,33.28,18,342
12,9,33.28,21.299999999999997,38.4,21.299999999999997,38.4,0.0,0.0,0.0,0.0,0.0,31.720000000000002,24.32,39.120000000000005,18,343
12,10,27.95,18.6,35.25,18.6,31.911,0.0,0.0,0.0,0.0,0.0,37.05,30.299999999999997,43.800000000000004,18,344
12,11,27.08,21.57,34.17,21.57,34.17,0.0,0.0,0.0,0.0,0.0,37.919999999999995,30.219999999999995,45.620000000000005,18,345
12,12,30.61,23.009999999999998,38.58,23.009999999999998,38.58,0.0,0.0,0.0,0.0,0.0,34.39,28.02,40.760000000000005,18,346
12,13,30.68,20.939999999999998,43.89,20.939999999999998,39.354000000000006,0.0,0.0,0.0,0.0,0.0,34.32,27.72,40.919999999999995,18,347
12,14,31.040000000000003,17.25,44.16,17.25,37.797000000000004,0.0,0.0,0.0,0.0,0.0,33.96,28.0,39.919999999999995,18,348
12,15,34.330000000000005,28.950000000000003,45.78,28.950000000000003,38.85000000000001,0.0,0.0,0.0,0.0,0.0,30.669999999999998,24.6,36.739999999999995,18,349
12,16,36.989999999999995,34.62,40.02,34.62,40.02,0.0,0.0,0.0,0.0,0.0,28.01,22.2,33.82,18,350
12,17,34.53,23.909999999999997,41.82,23.909999999999997,41.568,0.0,0.0,0.0,0.0,0.0,30.470000000000002,23.6,37.34,18,351
12,18,38.87,33.0,45.69,33.0,45.69,0.0,0.0,0.0,0.0,0.0,26.130000000000003,19.62,32.64,18,352
12,19,41.260000000000005,25.89,49.56,32.25300000000001,49.56,0.0,0.0,0.0,0.0,0.0,23.74,16.16,31.32,18,353
12,20,37.41,32.64,45.870000000000005,34.467,45.870000000000005,0.0,0.0,0.0,0.0,0.0,27.589999999999996,21.32,33.86,18,354
12,21,36.919999999999995,31.83,43.44,31.83,43.44,0.0,0.0,0.0,0.0,0.0,28.080000000000002,22.119999999999997,34.04,18,355
12,22,32.38,30.119999999999997,36.24,30.119999999999997,36.24,0.0,0.0,0.0,0.0,0.0,32.62,26.32,38.92,18,356
12,23,28.23,22.29,33.81,22.29,33.81,0.0,0.0,0.0,0.0,0.0,36.77,29.82,43.72,18,357
12,24,22.5,15.899999999999999,32.73,15.899999999999999,32.163000000000004,0.0,0.0,0.0,0.0,0.0,42.5,35.2,49.8,18,358
12,25,27.1,20.67,35.97,20.67,33.828,0.0,0.0,0.0,0.0,0.0,37.900000000000006,28.599999999999998,47.2,18,359
12,26,34.82,29.85,43.8,29.85,39.768,0.0,0.0,0.0,0.0,0.0,30.18,25.98,34.38,18,360
12,27,32.76,26.159999999999997,50.19,26.159999999999997,39.54300000000001,0.0,0.0,0.0,0.0,0.0,32.24,24.880000000000003,39.599999999999994,18,361
12,28,31.32,27.060000000000002,57.57,27.060000000000002,37.66200000000002,0.0,0.0,0.0,0.0,0.0,33.68,25.040000000000003,42.32,18,362
12,29,34.56,26.79,55.86,26.79,42.567000000000014,0.0,0.0,0.0,0.0,0.0,30.440000000000005,23.76,37.120000000000005,18,363
12,30,32.25,23.82,52.53,23.82,39.86700000000001,0.0,0.0,0.0,0.0,0.0,32.75,26.939999999999998,38.56,18,364
12,31,33.419999999999995,30.03,48.03,30.155999999999995,38.01300000000001,0.0,0.0,0.0,0.0,0.0,31.580000000000002,23.8,39.36,18,365
