date,sensor.sem_whole_home_energy,sensor.sem_ac_energy,sensor.sem_furnace_energy,sensor.sem_fridge_energy,sensor.sem_bedroom_office_energy,sensor.sem_family_room_energy,sensor.sem_master_suite_energy,sensor.sem_counter_1_energy,sensor.sem_counter_2_energy,sensor.sem_dishwasher_disposal_energy,sensor.sem_microwave_energy,sensor.sem_dining_kitchen_lights_energy,sensor.sem_garage_energy,sensor.sem_dryer_energy,sensor.sem_washer_energy,sensor.sem_laundry_bedroom_energy,sensor.dehumidifier_energy,sensor.hwh_today_s_consumption,sensor.basement_router_today_s_consumption,sensor.computer_outlet_today_s_consumption,sensor.tv_room_today_s_consumption,sensor.living_room_tv_sonos_homatics_today_s_consumption,sensor.gas_meter_volume,sensor.water_meter_volume,sensor.electric_meter_energy,_hours,_branch_sum,_other,_other_attributed,_true_residual,_gas_therms,_sem_vs_util_pct
2026-06-28,24.373,9.116,3.719,2.041,1.847,0.77,0.515,0.216,0.264,0.0,0.153,0.042,0.003,0.0,0.0,0.007,4.221,0.0,0.0,0.909,0.281,0.57,,,,24.0,18.693,5.68,4.221,1.459,,
2026-06-29,33.541,12.704,4.46,2.147,1.801,0.795,0.52,0.043,0.276,0.002,0.295,0.069,0.045,4.357,0.092,0.019,4.33,0.079,0.087,0.888,0.282,0.609,,,,24.0,27.625,5.916,4.496,1.42,,
2026-06-30,29.134,13.64,4.854,2.208,2.003,0.819,0.461,0.132,0.283,0.625,0.154,0.074,0.022,0.0,0.0,0.0,2.296,0.209,0.258,0.869,0.497,0.623,,,,24.0,25.275,3.859,2.763,1.096,,
2026-07-01,35.818,18.75,6.044,2.411,1.842,0.782,0.489,0.0,0.268,0.0,0.142,0.055,0.006,0.0,0.0,0.008,3.375,0.25,0.258,0.976,0.242,0.567,,,,24.0,30.797,5.021,3.883,1.138,,
2026-07-02,42.736,25.486,7.607,2.183,2.732,0.693,0.469,0.048,0.274,0.0,0.127,0.015,0.0,0.0,0.0,0.008,1.463,0.25,0.259,1.033,1.026,0.515,,,,24.0,39.642,3.094,1.972,1.122,,
2026-07-03,51.743,28.448,8.225,2.293,2.756,0.909,0.475,0.496,0.299,0.636,0.173,0.024,0.001,5.174,0.182,0.026,0.0,0.245,0.258,0.981,1.122,0.664,,,,24.0,50.117,1.626,0.503,1.123,,
2026-07-04,35.008,21.384,6.449,3.023,1.544,0.815,0.322,0.329,0.265,0.0,0.187,0.082,0.006,0.0,0.0,0.0,0.0,0.22,0.285,0.893,0.075,0.591,,,,24.0,34.406,0.602,0.505,0.097,,
2026-07-05,36.972,13.478,4.582,1.836,1.745,0.727,0.294,0.015,0.211,0.63,0.0,0.098,0.022,6.922,0.196,0.015,1.843,0.186,0.191,0.834,0.373,0.445,,,,19.0,30.771,6.201,2.22,3.981,,
2026-07-06,22.653,0.938,1.328,2.261,1.668,1.05,0.632,0.21,0.283,0.677,0.274,0.255,0.006,5.228,0.093,0.029,5.978,0.269,0.258,0.895,0.093,0.734,,,,24.0,14.932,7.721,6.505,1.216,,
2026-07-07,17.732,0.556,1.203,1.866,1.836,0.66,0.484,0.314,0.276,0.0,0.178,0.208,0.009,3.748,0.138,0.005,4.642,0.238,0.258,1.076,0.052,0.474,,,,24.0,11.481,6.251,5.138,1.113,,
2026-07-08,18.755,6.288,2.816,1.611,1.73,0.675,0.359,0.0,0.215,0.0,0.05,0.0,0.005,0.0,0.0,0.0,3.133,0.225,0.257,1.085,0.007,0.516,,,,24.0,13.749,5.006,3.615,1.391,,
2026-07-09,29.775,13.14,4.62,2.109,1.52,0.848,0.372,0.0,0.198,0.629,0.0,0.049,0.003,0.0,0.0,0.012,4.65,0.239,0.256,0.891,0.0,0.657,,,,24.0,23.5,6.275,5.145,1.13,,
2026-07-10,32.452,15.868,5.433,2.149,2.331,0.818,0.544,0.418,0.284,0.0,0.205,0.069,0.047,0.0,0.03,0.235,2.313,0.24,0.259,0.833,0.463,0.541,,,,24.0,28.431,4.021,2.812,1.209,,
2026-07-11,33.143,13.68,4.873,2.371,1.501,0.894,0.537,1.274,0.295,0.644,0.232,0.231,0.048,0.0,0.0,0.232,4.427,0.268,0.267,0.782,0.092,0.462,,,,24.0,26.812,6.331,4.962,1.369,,
2026-07-12,27.238,10.412,3.963,2.718,1.828,0.808,0.401,0.013,0.276,0.0,0.265,0.041,0.009,0.0,0.0,0.226,4.686,0.246,0.268,0.943,0.279,0.587,,,,24.0,20.96,6.278,5.2,1.078,,
2026-07-13,34.957,12.984,4.675,2.558,1.863,0.797,0.482,0.231,0.284,0.657,0.181,0.064,0.176,3.224,0.077,0.251,4.693,0.255,0.29,0.859,0.375,0.6,,,,24.0,28.504,6.453,5.238,1.215,,
2026-07-14,32.13,16.058,5.301,2.104,1.575,0.891,0.447,0.352,0.262,0.0,0.157,0.057,0.277,0.0,0.0,0.26,2.693,0.251,0.276,0.651,0.347,0.668,,,,24.0,27.741,4.389,3.22,1.169,,
2026-07-15,32.224,15.634,5.297,2.829,2.237,0.826,0.516,0.515,0.265,0.0,0.133,0.06,0.115,0.0,0.0,0.237,1.985,0.229,0.267,0.912,0.423,0.605,,,,24.0,28.664,3.56,2.481,1.079,,
2026-07-16,26.237,9.382,3.632,2.16,1.851,0.821,0.379,0.023,0.909,0.641,0.13,0.085,0.07,0.0,0.0,0.222,2.347,0.218,0.267,0.922,0.327,0.63,,,,24.0,20.305,5.932,2.832,3.1,,
2026-07-17,27.183,9.952,3.906,2.399,1.909,0.836,0.411,0.497,0.267,0.0,0.153,0.033,0.067,0.0,0.0,0.092,4.712,0.244,0.261,0.98,0.193,0.609,,,,24.0,20.522,6.661,5.217,1.444,,
2026-07-18,27.024,5.124,2.51,2.197,1.849,0.71,0.573,0.45,0.332,0.593,0.181,0.153,0.017,3.82,0.093,0.123,6.523,0.256,0.259,0.942,0.083,0.369,,,,24.0,18.725,8.299,7.038,1.261,,
2026-07-19,26.457,8.158,3.372,2.425,2.269,0.898,0.471,1.079,0.621,0.0,0.125,0.096,0.006,0.0,0.0,0.007,5.299,0.266,0.258,0.933,0.518,0.657,,,,24.0,19.527,6.93,5.823,1.107,,
2026-07-20,34.533,9.252,3.69,2.21,1.775,0.788,0.617,0.465,0.297,0.597,0.215,0.019,0.061,8.854,0.301,0.02,3.432,0.265,0.259,0.876,0.084,0.627,,,,24.0,29.161,5.372,3.956,1.416,,
2026-07-21,18.034,2.0,1.587,2.056,2.205,0.775,0.503,0.104,0.271,0.0,0.195,0.131,0.014,0.0,0.0,0.053,6.444,0.265,0.26,1.033,0.306,0.517,,,,24.0,9.894,8.14,6.969,1.171,,
2026-07-22,26.83,9.172,3.62,2.164,2.127,0.718,0.448,0.013,0.27,0.677,0.223,0.089,0.061,0.0,0.0,0.025,5.516,0.257,0.258,0.957,0.338,0.543,,,,24.0,19.607,7.223,6.031,1.192,,
2026-07-23,20.705,5.5,2.664,2.126,2.064,0.842,0.501,0.103,0.272,0.005,0.135,0.046,0.013,0.0,0.0,0.015,4.497,0.258,0.258,0.873,0.383,0.645,,,,24.0,14.286,6.419,5.013,1.406,,
2026-07-24,32.013,8.294,3.41,2.274,1.769,0.922,0.543,0.618,0.278,0.0,0.166,0.105,0.121,6.64,1.443,0.06,3.627,0.261,0.258,0.884,0.082,0.662,,,,24.0,26.643,5.37,4.146,1.224,,
2026-07-25,31.888,7.806,3.251,2.275,2.094,0.822,0.397,1.973,0.266,0.596,0.208,0.137,0.016,3.948,1.113,0.013,5.353,0.282,0.258,0.986,0.297,0.561,,,,24.0,24.915,6.973,5.893,1.08,,
2026-07-26,20.658,5.884,2.768,2.425,1.814,0.774,0.568,0.387,0.276,0.003,0.17,0.004,0.0,0.0,0.0,0.012,3.964,0.247,0.258,0.934,0.083,0.574,,,,24.0,15.085,5.573,4.469,1.104,,
2026-07-27,31.319,10.194,3.858,2.149,2.222,0.875,0.671,0.001,0.268,0.579,0.201,0.06,0.005,4.411,0.096,0.025,3.747,0.265,0.258,0.911,0.266,0.65,,,,24.0,25.615,5.704,4.27,1.434,,
2026-07-28,24.7,9.444,3.677,1.89,2.797,0.917,0.474,0.417,0.271,0.0,0.175,0.1,0.004,0.0,0.0,0.013,2.917,0.247,0.258,0.936,0.485,0.701,,,,24.0,20.179,4.521,3.422,1.099,,
2026-07-29,28.812,7.124,3.11,2.389,2.148,0.962,0.439,1.261,0.274,0.568,0.258,0.334,0.077,0.0,0.0,0.004,8.137,0.271,0.264,0.927,0.379,0.59,,,,24.0,18.948,9.864,8.672,1.192,,
2026-07-30,26.953,3.722,2.106,1.952,1.854,0.744,0.337,0.302,0.264,0.647,0.186,0.083,0.032,0.0,0.0,0.018,12.759,0.382,0.274,0.966,0.083,0.557,,,,24.0,12.247,14.706,13.415,1.291,,
2026-07-31,27.341,8.666,3.492,2.19,2.176,0.795,0.365,0.468,0.262,0.0,0.194,0.062,0.015,0.0,0.0,0.063,6.776,0.287,0.274,0.968,0.408,0.563,,,,24.0,18.748,8.593,7.337,1.256,,
2026-08-01,31.392,14.012,4.898,2.391,2.634,0.768,0.357,0.004,0.26,0.0,0.234,0.112,0.006,3.872,0.115,0.12,0.0,0.289,0.273,0.972,0.491,0.564,,,,24.0,29.783,1.609,0.562,1.047,,
2026-08-02,27.039,12.888,4.654,2.464,1.837,0.931,0.434,0.537,0.262,0.683,0.13,0.135,0.005,0.0,0.0,0.11,0.0,0.294,0.273,0.923,0.092,0.657,,,,24.0,25.07,1.969,0.567,1.402,,
2026-08-03,21.475,6.764,2.954,1.864,1.887,0.921,0.581,0.035,0.276,0.0,0.248,0.122,0.079,3.962,0.103,0.096,0.0,0.252,0.274,0.944,0.0,0.554,,,,24.0,19.892,1.583,0.526,1.057,,
2026-08-04,20.249,7.628,3.201,1.951,1.759,0.788,0.501,0.052,0.223,0.0,0.009,0.003,0.146,0.0,0.0,0.093,2.286,0.259,0.27,0.885,0.091,0.595,,,,24.0,16.354,3.895,2.815,1.08,,
2026-08-05,26.661,11.704,4.282,2.319,1.961,0.886,0.486,0.479,0.221,0.608,0.0,0.072,0.092,0.0,0.0,0.089,1.818,0.284,0.268,0.909,0.261,0.639,,,,24.0,23.199,3.462,2.37,1.092,,
2026-08-06,40.774,17.304,5.747,2.131,1.838,0.91,0.458,0.008,0.262,0.0,0.162,0.073,0.065,7.574,1.426,0.14,0.784,0.289,0.269,0.922,0.091,0.635,,,,24.0,38.098,2.676,1.342,1.334,,
2026-08-07,37.807,21.12,6.745,2.644,1.852,0.826,0.677,0.666,0.304,0.621,0.121,0.049,0.03,0.0,0.0,0.185,0.501,0.297,0.268,0.911,0.091,0.602,,,,24.0,35.84,1.967,1.066,0.901,,
2026-08-08,10.535,2.668,1.841,1.935,0.853,0.27,0.316,0.011,0.285,0.0,0.123,0.016,0.001,0.0,0.0,0.094,0.819,0.228,0.26,0.062,0.0,0.105,,,,24.0,8.413,2.122,1.307,0.815,,
2026-08-09,6.384,0.0,1.008,1.558,0.79,0.163,0.228,0.0,0.094,0.0,0.0,0.0,0.0,0.0,0.0,0.091,1.218,0.203,0.259,0.0,0.0,0.0,,,,24.0,3.932,2.452,1.68,0.772,,
2026-08-10,11.258,3.54,1.956,1.866,0.79,0.164,0.228,0.0,0.095,0.0,0.0,0.0,0.0,0.0,0.0,0.091,1.262,0.203,0.259,0.0,0.0,0.0,,,,24.0,8.73,2.528,1.724,0.804,,
2026-08-11,8.76,1.884,1.512,1.585,0.789,0.164,0.228,0.0,0.094,0.0,0.0,0.0,0.0,0.0,0.0,0.09,1.148,0.203,0.259,0.0,0.0,0.0,,,,24.0,6.346,2.414,1.61,0.804,,
2026-08-12,6.239,0.0,1.008,1.568,0.787,0.166,0.227,0.0,0.095,0.0,0.0,0.0,0.0,0.0,0.0,0.102,1.04,0.203,0.259,0.0,0.0,0.0,,,,24.0,3.953,2.286,1.502,0.784,,
2026-08-13,6.462,0.0,1.007,1.576,0.786,0.164,0.227,0.0,0.094,0.0,0.0,0.0,0.0,0.0,0.0,0.103,1.265,0.203,0.26,0.0,0.0,0.0,,,,24.0,3.957,2.505,1.728,0.777,,
2026-08-14,6.505,0.0,1.008,1.588,0.786,0.166,0.227,0.0,0.095,0.0,0.0,0.0,0.0,0.0,0.0,0.091,1.3,0.203,0.259,0.0,0.0,0.0,,,,24.0,3.961,2.544,1.762,0.782,,
2026-08-15,6.243,0.0,1.005,1.554,0.786,0.167,0.228,0.0,0.096,0.0,0.0,0.0,0.0,0.0,0.0,0.099,1.073,0.203,0.259,0.0,0.0,0.0,,,,24.0,3.935,2.308,1.535,0.773,,
2026-08-16,6.368,0.0,1.012,1.804,0.785,0.167,0.228,0.0,0.095,0.0,0.0,0.0,0.0,0.0,0.0,0.091,0.954,0.203,0.259,0.0,0.0,0.0,,,,24.0,4.182,2.186,1.416,0.77,,
2026-08-17,6.056,0.0,1.006,1.493,0.784,0.168,0.227,0.0,0.095,0.0,0.0,0.0,0.0,0.0,0.0,0.088,0.966,0.203,0.259,0.0,0.0,0.0,,,,24.0,3.861,2.195,1.428,0.767,,
2026-08-18,17.312,8.344,3.394,1.482,1.082,0.269,0.367,0.0,0.095,0.0,0.0,0.072,0.006,0.0,0.0,0.11,0.716,0.234,0.261,0.282,0.0,0.082,,,,24.0,15.221,2.091,1.211,0.88,,
2026-08-19,26.97,12.926,4.662,2.539,1.757,0.877,0.598,0.496,0.344,0.0,0.137,0.237,0.019,0.0,0.0,0.116,0.422,0.29,0.266,0.92,0.0,0.622,,,,24.0,24.708,2.262,0.978,1.284,,
2026-08-20,20.351,8.332,3.465,2.436,1.696,0.553,0.452,0.013,0.258,0.621,0.174,0.05,0.004,0.0,0.0,0.108,0.724,0.279,0.267,0.862,0.0,0.357,,,,24.0,18.162,2.189,1.27,0.919,,
2026-08-21,29.469,4.22,2.329,2.047,2.229,1.109,0.57,0.55,0.255,0.001,0.201,0.267,0.011,11.688,1.446,0.185,0.861,0.29,0.266,0.954,0.31,0.628,16.0,19.8,7.94,24.0,27.108,2.361,1.417,0.944,0.1648,
2026-08-22,11.045,1.186,1.404,2.111,2.053,0.701,0.564,0.001,0.268,0.0,0.223,0.107,0.001,0.0,0.0,0.001,0.893,0.282,0.266,0.849,0.274,0.484,30.0,88.3,10.98,24.0,8.62,2.425,1.441,0.984,0.309,0.59
2026-08-23,16.635,4.252,2.289,2.008,2.282,1.044,0.406,0.501,0.252,0.649,0.231,0.191,0.0,0.0,0.0,0.001,1.022,0.296,0.265,1.04,0.18,0.688,38.0,68.2,16.56,24.0,14.106,2.529,1.583,0.946,0.3914,0.45
