run_ts,day,appliance,threshold,capture,raw,diff_w,diff_pct,band,status
2026-08-31T10:01:10-04:00,2026-08-30,fridge,50.0,112.7,112.71624667258187,-0.016246672581871735,-0.014413780676236554,3.0,OK
2026-08-31T10:01:10-04:00,2026-08-30,furnace,300.0,774.5,774.5308167914086,-0.030816791408597055,-0.003978768919261275,2.0,OK
2026-08-31T10:01:10-04:00,2026-08-30,ac,300.0,2482.1,2482.094051922446,0.0059480775539668684,0.00023963949107246477,3.0,OK
2026-08-31T10:01:10-04:00,2026-08-30,hwh_recirc,70.0,107.2,107.24235588972441,-0.04235588972440496,-0.03949548606332263,2.0,OK
2026-08-31T10:01:10-04:00,2026-08-30,dehumidifier,150.0,464.8,455.43923154701747,9.36076845298254,2.0553276495716593,6.0,OK
2026-08-31T10:01:23-04:00,2026-08-30,fridge,50.0,112.7,112.71624667258187,-0.016246672581871735,-0.014413780676236554,3.0,OK
2026-08-31T10:01:23-04:00,2026-08-30,furnace,300.0,774.5,774.5308167914086,-0.030816791408597055,-0.003978768919261275,2.0,OK
2026-08-31T10:01:23-04:00,2026-08-30,ac,300.0,2482.1,2482.094051922446,0.0059480775539668684,0.00023963949107246477,3.0,OK
2026-08-31T10:01:23-04:00,2026-08-30,hwh_recirc,70.0,107.2,107.24235588972441,-0.04235588972440496,-0.03949548606332263,2.0,OK
2026-08-31T10:01:23-04:00,2026-08-30,dehumidifier,150.0,464.8,455.43923154701747,9.36076845298254,2.0553276495716593,6.0,OK
2026-09-01T00:25:00-04:00,2026-08-31,fridge,50.0,123.9,123.85147431467452,0.048525685325486734,0.03918054717878895,3.0,OK
2026-09-01T00:25:00-04:00,2026-08-31,furnace,300.0,774.6,774.3762865563375,0.22371344366251833,0.028889500821025295,2.0,OK
2026-09-01T00:25:00-04:00,2026-08-31,ac,300.0,2430.6,2430.1495775291255,0.45042247087440046,0.018534763252407337,3.0,OK
2026-09-01T00:25:00-04:00,2026-08-31,hwh_recirc,70.0,109.4,109.37033639143739,0.02966360856261474,0.027122169997217917,2.0,OK
2026-09-01T00:25:00-04:00,2026-08-31,dehumidifier,150.0,465.4,456.4173377156944,8.982662284305604,1.968080864163177,6.0,OK
2026-09-02T00:25:00-04:00,2026-09-01,fridge,50.0,112.2,112.22107036476335,-0.02107036476334656,-0.018775765277286565,3.0,OK
2026-09-02T00:25:00-04:00,2026-09-01,furnace,300.0,772.9,772.8824464409125,0.017553559087446047,0.002271180975616585,2.0,OK
2026-09-02T00:25:00-04:00,2026-09-01,ac,300.0,2231.3,2231.3047519217316,-0.004751921731440234,-0.00021296605617621698,3.0,OK
2026-09-02T00:25:00-04:00,2026-09-01,hwh_recirc,70.0,110.1,110.19975903614458,-0.09975903614459014,-0.09052563909134323,2.0,OK
2026-09-02T00:25:00-04:00,2026-09-01,dehumidifier,150.0,468.2,459.0279026217229,9.172097378277101,1.998156827916335,6.0,OK
2026-09-03T00:25:00-04:00,2026-09-02,fridge,50.0,113.5,113.47398561010195,0.026014389898051604,0.02292542185610487,3.0,OK
2026-09-03T00:25:00-04:00,2026-09-02,furnace,300.0,772.9,778.0973084886124,-5.197308488612407,-0.6679509660183423,2.0,OK
2026-09-03T00:25:00-04:00,2026-09-02,ac,300.0,2231.3,2281.344936708861,-50.04493670886086,-2.1936593587227207,3.0,OK
2026-09-03T00:25:00-04:00,2026-09-02,hwh_recirc,70.0,109.5,109.14582338902146,0.35417661097854136,0.324498546972496,2.0,OK
2026-09-03T00:25:00-04:00,2026-09-02,dehumidifier,150.0,465.2,454.5139043381531,10.686095661846878,2.3511042368236432,6.0,OK
2026-09-04T00:25:00-04:00,2026-09-03,fridge,50.0,121.6,121.60732873761316,-0.007328737613164549,-0.0060265591632042564,3.0,OK
2026-09-04T00:25:00-04:00,2026-09-03,furnace,300.0,774.1,774.1309288873762,-0.03092888737614885,-0.0039953044403743905,2.0,OK
2026-09-04T00:25:00-04:00,2026-09-03,ac,300.0,2420.4,2420.4137823834158,-0.013782383415673394,-0.0005694226134385042,3.0,OK
2026-09-04T00:25:00-04:00,2026-09-03,hwh_recirc,70.0,107.7,107.41658031088093,0.28341968911907145,0.263850970026051,2.0,OK
2026-09-04T00:25:00-04:00,2026-09-03,dehumidifier,150.0,463.3,453.4167579408546,9.883242059145402,2.1797258010553304,6.0,OK
2026-09-05T00:25:00-04:00,2026-09-04,fridge,50.0,112.7,112.67245172446825,0.02754827553175687,0.0244498767091037,3.0,OK
2026-09-05T00:25:00-04:00,2026-09-04,furnace,300.0,767.5,767.4078982898295,0.09210171017048197,0.012001663049824071,2.0,OK
2026-09-05T00:25:00-04:00,2026-09-04,ac,300.0,2484.8,2485.9040090600174,-1.1040090600172334,-0.04441076791354815,3.0,OK
2026-09-05T00:25:00-04:00,2026-09-04,hwh_recirc,70.0,106.3,106.2651948051949,0.034805194805102246,0.03275314637959028,2.0,OK
2026-09-05T00:25:00-04:00,2026-09-04,dehumidifier,150.0,463.3,,,,6.0,HELD
2026-09-06T00:25:00-04:00,2026-09-05,fridge,50.0,124.9,124.98134564102531,-0.08134564102530817,-0.06508622595483268,3.0,OK
2026-09-06T00:25:00-04:00,2026-09-05,furnace,300.0,767.1,767.2774491682062,-0.17744916820618073,-0.023127118931821945,2.0,OK
2026-09-06T00:25:00-04:00,2026-09-05,ac,300.0,2414.9,2421.0504693366734,-6.150469336673268,-0.25404135165998387,3.0,OK
2026-09-06T00:25:00-04:00,2026-09-05,hwh_recirc,70.0,106.9,106.91632653061217,-0.016326530612161605,-0.015270381186812483,2.0,OK
2026-09-06T00:25:00-04:00,2026-09-05,dehumidifier,150.0,465.7,458.10875502008014,7.59124497991985,1.657083584789185,6.0,OK
2026-09-07T00:25:00-04:00,2026-09-06,fridge,50.0,125.1,124.97552098513434,0.12447901486565627,0.09960271730370532,3.0,OK
2026-09-07T00:25:00-04:00,2026-09-06,furnace,300.0,767.1,,,,2.0,HELD
2026-09-07T00:25:00-04:00,2026-09-06,ac,300.0,2414.9,,,,3.0,HELD
2026-09-07T00:25:00-04:00,2026-09-06,hwh_recirc,70.0,107.4,107.38880778588809,0.011192214111915177,0.010422142067383991,2.0,OK
2026-09-07T00:25:00-04:00,2026-09-06,dehumidifier,150.0,467.2,458.24124293785286,8.958757062147129,1.9550307180364652,6.0,OK
2026-09-08T00:25:00-04:00,2026-09-07,fridge,50.0,116.0,116.01598636989779,-0.015986369897788677,-0.013779454364865528,3.0,OK
2026-09-08T00:25:00-04:00,2026-09-07,furnace,300.0,767.1,,,,2.0,HELD
2026-09-08T00:25:00-04:00,2026-09-07,ac,300.0,2414.9,,,,3.0,HELD
2026-09-08T00:25:00-04:00,2026-09-07,hwh_recirc,70.0,107.1,107.16376811594199,-0.06376811594199694,-0.05950529461879814,2.0,OK
2026-09-08T00:25:00-04:00,2026-09-07,dehumidifier,150.0,464.4,452.96389214536856,11.436107854631416,2.5247283620040193,6.0,OK
2026-09-09T00:25:00-04:00,2026-09-08,fridge,50.0,120.5,120.52984638878866,-0.02984638878865553,-0.02476265396736767,3.0,OK
2026-09-09T00:25:00-04:00,2026-09-08,furnace,300.0,767.1,,,,2.0,HELD
2026-09-09T00:25:00-04:00,2026-09-08,ac,300.0,2289.5,2289.478594507267,0.02140549273281067,0.0009349505509317714,3.0,OK
2026-09-09T00:25:00-04:00,2026-09-08,hwh_recirc,70.0,106.5,106.49777777777783,0.0022222222221728316,0.0020866371754815413,2.0,OK
2026-09-09T00:25:00-04:00,2026-09-08,dehumidifier,150.0,464.2,454.05000000000007,10.14999999999992,2.235436625922237,6.0,OK
2026-09-10T00:25:00-04:00,2026-09-09,fridge,50.0,113.5,113.53614279091224,-0.03614279091223693,-0.03183373155348193,3.0,OK
2026-09-10T00:25:00-04:00,2026-09-09,furnace,300.0,770.7,770.6981463878316,0.0018536121684746831,0.00024051078585855408,2.0,OK
2026-09-10T00:25:00-04:00,2026-09-09,ac,300.0,2479.9,2479.917262756322,-0.017262756321997585,-0.0006961021071650903,3.0,OK
2026-09-10T00:25:00-04:00,2026-09-09,hwh_recirc,70.0,107.6,107.62064343163547,-0.020643431635477327,-0.019181665317389393,2.0,OK
2026-09-10T00:25:00-04:00,2026-09-09,dehumidifier,150.0,463.6,455.34585774058525,8.254142259414778,1.812719303162573,6.0,OK
2026-09-11T00:25:00-04:00,2026-09-10,fridge,50.0,112.9,112.9326006792814,-0.03260067928140131,-0.028867376723205336,3.0,OK
2026-09-11T00:25:00-04:00,2026-09-10,furnace,300.0,767.2,768.0477635423717,-0.8477635423716947,-0.11037901320897801,2.0,OK
2026-09-11T00:25:00-04:00,2026-09-10,ac,300.0,2519.1,2526.7797367823923,-7.6797367823924105,-0.3039337648073673,3.0,OK
2026-09-11T00:25:00-04:00,2026-09-10,hwh_recirc,70.0,105.8,105.43400000000001,0.36599999999998545,0.3471365973025641,2.0,OK
2026-09-11T00:25:00-04:00,2026-09-10,dehumidifier,150.0,463.7,454.8578632478637,8.842136752136298,1.943934021278641,6.0,OK
2026-09-12T00:25:00-04:00,2026-09-11,fridge,50.0,120.5,120.45236665896931,0.04763334103068928,0.03954537577958194,3.0,OK
2026-09-12T00:25:00-04:00,2026-09-11,furnace,300.0,765.4,763.8916124837447,1.5083875162553113,0.19746093445781998,2.0,OK
2026-09-12T00:25:00-04:00,2026-09-11,ac,300.0,2344.3,2338.9971109651988,5.30288903480141,0.2267163567642521,3.0,OK
2026-09-12T00:25:00-04:00,2026-09-11,hwh_recirc,70.0,107.1,107.14121951219504,-0.04121951219504183,-0.03847213274471842,2.0,OK
2026-09-12T00:25:00-04:00,2026-09-11,dehumidifier,150.0,466.1,457.41913978494676,8.680860215053258,1.897791207235998,6.0,OK
2026-09-13T00:25:00-04:00,2026-09-12,fridge,50.0,113.7,113.83498804668737,-0.13498804668736852,-0.11858221185212899,3.0,OK
2026-09-13T00:25:00-04:00,2026-09-12,furnace,300.0,765.4,,,,2.0,HELD
2026-09-13T00:25:00-04:00,2026-09-12,ac,300.0,2344.3,,,,3.0,HELD
2026-09-13T00:25:00-04:00,2026-09-12,hwh_recirc,70.0,107.4,107.43758169934651,-0.03758169934650368,-0.03498003096502336,2.0,OK
2026-09-13T00:25:00-04:00,2026-09-12,dehumidifier,150.0,465.2,453.8094339622647,11.390566037735312,2.5099888158522643,6.0,OK
2026-09-14T00:25:00-04:00,2026-09-13,fridge,50.0,123.8,123.75883433610373,0.041165663896265414,0.03326280836200175,3.0,OK
2026-09-14T00:25:00-04:00,2026-09-13,furnace,300.0,765.4,,,,2.0,HELD
2026-09-14T00:25:00-04:00,2026-09-13,ac,300.0,2292.5,2318.7539860139855,-26.253986013985468,-1.1322454288959276,3.0,OK
2026-09-14T00:25:00-04:00,2026-09-13,hwh_recirc,70.0,107.2,107.15795724465556,0.0420427553444398,0.03923437551954328,2.0,OK
2026-09-14T00:25:00-04:00,2026-09-13,dehumidifier,150.0,464.8,456.0478112175103,8.752188782489725,1.9191384252287096,6.0,OK
2026-09-15T00:25:00-04:00,2026-09-14,fridge,50.0,112.5,112.52961394220145,-0.029613942201450527,-0.0263165767338908,3.0,OK
2026-09-15T00:25:00-04:00,2026-09-14,furnace,300.0,765.4,,,,2.0,HELD
2026-09-15T00:25:00-04:00,2026-09-14,ac,300.0,2292.5,,,,3.0,HELD
2026-09-15T00:25:00-04:00,2026-09-14,hwh_recirc,70.0,108.2,108.178738317757,0.02126168224300784,0.01965421539725782,2.0,OK
2026-09-15T00:25:00-04:00,2026-09-14,dehumidifier,150.0,464.4,455.49469273743097,8.90530726256901,1.955084747321624,6.0,OK
2026-09-16T00:25:00-04:00,2026-09-15,fridge,50.0,120.9,121.03802702702552,-0.13802702702551528,-0.11403608470476508,3.0,OK
2026-09-16T00:25:00-04:00,2026-09-15,furnace,300.0,765.4,,,,2.0,HELD
2026-09-16T00:25:00-04:00,2026-09-15,ac,300.0,2292.5,,,,3.0,HELD
2026-09-16T00:25:00-04:00,2026-09-15,hwh_recirc,70.0,108.4,108.15867970660155,0.24132029339845928,0.22311690014438124,2.0,OK
2026-09-16T00:25:00-04:00,2026-09-15,dehumidifier,150.0,458.5,446.71121718377054,11.788782816229457,2.63901651956497,6.0,OK
2026-09-17T00:25:00-04:00,2026-09-16,fridge,50.0,112.5,112.5421448813308,-0.04214488133079897,-0.03744808789208551,3.0,OK
2026-09-17T00:25:00-04:00,2026-09-16,furnace,300.0,765.4,,,,2.0,HELD
2026-09-17T00:25:00-04:00,2026-09-16,ac,300.0,2292.5,,,,3.0,HELD
2026-09-17T00:25:00-04:00,2026-09-16,hwh_recirc,70.0,107.2,107.18285714285716,0.01714285714284358,0.015994028895866215,2.0,OK
2026-09-17T00:25:00-04:00,2026-09-16,dehumidifier,150.0,458.6,449.5202947845805,9.079705215419494,2.0198654700942207,6.0,OK
2026-09-18T00:25:00-04:00,2026-09-17,fridge,50.0,116.4,116.40396164316732,-0.003961643167315287,-0.0034033576790621443,3.0,OK
2026-09-18T00:25:00-04:00,2026-09-17,furnace,300.0,775.6,775.6127552986515,-0.012755298651427438,-0.0016445447247081413,2.0,OK
2026-09-18T00:25:00-04:00,2026-09-17,ac,300.0,2455.6,2455.594685423991,0.005314576008913718,0.0002164272483753192,3.0,OK
2026-09-18T00:25:00-04:00,2026-09-17,hwh_recirc,70.0,105.3,105.32186588921282,-0.021865889212818956,-0.020761015794972245,2.0,OK
2026-09-18T00:25:00-04:00,2026-09-17,dehumidifier,150.0,461.8,454.9127201565558,6.887279843444219,1.5139782947977358,6.0,OK
2026-09-19T00:25:00-04:00,2026-09-18,fridge,50.0,123.2,123.16934478010869,0.030655219891315255,0.024888676598908026,3.0,OK
2026-09-19T00:25:00-04:00,2026-09-18,furnace,300.0,771.9,772.0506624605686,-0.1506624605685829,-0.01951458212449598,2.0,OK
2026-09-19T00:25:00-04:00,2026-09-18,ac,300.0,2416.3,2422.455998723675,-6.1559987236746565,-0.2541222101420246,3.0,OK
2026-09-19T00:25:00-04:00,2026-09-18,hwh_recirc,70.0,105.9,105.8047738693467,0.09522613065330177,0.09000173354265847,2.0,OK
2026-09-19T00:25:00-04:00,2026-09-18,dehumidifier,150.0,461.8,,,,6.0,HELD
2026-09-20T00:25:00-04:00,2026-09-19,fridge,50.0,111.6,111.15704995714974,0.4429500428502564,0.39849028291143973,3.0,OK
2026-09-20T00:25:00-04:00,2026-09-19,furnace,300.0,771.9,,,,2.0,HELD
2026-09-20T00:25:00-04:00,2026-09-19,ac,300.0,2416.3,,,,3.0,HELD
2026-09-20T00:25:00-04:00,2026-09-19,hwh_recirc,70.0,107.7,107.72086956521736,-0.02086956521735317,-0.019373743733769364,2.0,OK
2026-09-20T00:25:00-04:00,2026-09-19,dehumidifier,150.0,462.9,451.30986964618256,11.590130353817415,2.5681092157155425,6.0,OK
2026-09-21T00:25:00-04:00,2026-09-20,fridge,50.0,122.3,122.25782810521781,0.04217189478218586,0.03449422866067258,3.0,OK
2026-09-21T00:25:00-04:00,2026-09-20,furnace,300.0,771.9,,,,2.0,HELD
2026-09-21T00:25:00-04:00,2026-09-20,ac,300.0,2416.3,,,,3.0,HELD
2026-09-21T00:25:00-04:00,2026-09-20,hwh_recirc,70.0,108.3,108.27115384615396,0.028846153846032507,0.026642510790104774,2.0,OK
2026-09-21T00:25:00-04:00,2026-09-20,dehumidifier,150.0,459.7,448.48741258741256,11.212587412587425,2.500089656452071,6.0,OK
2026-09-22T00:25:00-04:00,2026-09-21,fridge,50.0,111.4,111.42172351884977,-0.021723518849768197,-0.019496663813581307,3.0,OK
2026-09-22T00:25:00-04:00,2026-09-21,furnace,300.0,771.9,,,,2.0,HELD
2026-09-22T00:25:00-04:00,2026-09-21,ac,300.0,2416.3,,,,3.0,HELD
2026-09-22T00:25:00-04:00,2026-09-21,hwh_recirc,70.0,108.1,108.08523676880225,0.014763231197747473,0.013658878528736068,2.0,OK
2026-09-22T00:25:00-04:00,2026-09-21,dehumidifier,150.0,458.1,448.2794230769228,9.820576923077226,2.190726680174222,6.0,OK
2026-09-23T00:25:00-04:00,2026-09-22,fridge,50.0,110.8,110.55219972260667,0.2478002773933241,0.2241477582672213,3.0,OK
2026-09-23T00:25:00-04:00,2026-09-22,furnace,300.0,771.9,,,,2.0,HELD
2026-09-23T00:25:00-04:00,2026-09-22,ac,300.0,2416.3,,,,3.0,HELD
2026-09-23T00:25:00-04:00,2026-09-22,hwh_recirc,70.0,106.8,106.75257142857139,0.04742857142861112,0.04442850490055482,2.0,OK
2026-09-23T00:25:00-04:00,2026-09-22,dehumidifier,150.0,453.0,442.8839046199702,10.116095380029776,2.2841415717534814,6.0,OK
2026-09-24T00:25:00-04:00,2026-09-23,fridge,50.0,120.1,120.35413471502517,-0.2541347150251738,-0.21115578258022846,3.0,OK
2026-09-24T00:25:00-04:00,2026-09-23,furnace,300.0,771.9,,,,2.0,HELD
2026-09-24T00:25:00-04:00,2026-09-23,ac,300.0,2416.3,,,,3.0,HELD
2026-09-24T00:25:00-04:00,2026-09-23,hwh_recirc,70.0,106.8,,,,2.0,HELD
2026-09-24T00:25:00-04:00,2026-09-23,dehumidifier,150.0,453.0,,,,6.0,HELD
2026-09-25T00:25:00-04:00,2026-09-24,fridge,50.0,106.3,106.31707904164689,-0.017079041646894666,-0.016064250260491453,3.0,OK
2026-09-25T00:25:00-04:00,2026-09-24,furnace,300.0,771.9,,,,2.0,HELD
2026-09-25T00:25:00-04:00,2026-09-24,ac,300.0,2416.3,,,,3.0,HELD
2026-09-25T00:25:00-04:00,2026-09-24,hwh_recirc,70.0,107.3,107.33880903490763,-0.038809034907629325,-0.036155641427890496,2.0,OK
2026-09-25T00:25:00-04:00,2026-09-24,dehumidifier,150.0,453.0,,,,6.0,HELD
2026-09-26T00:25:00-04:00,2026-09-25,fridge,50.0,118.6,118.55978596908383,0.04021403091616094,0.03391877826655939,3.0,OK
2026-09-26T00:25:00-04:00,2026-09-25,furnace,300.0,771.9,,,,2.0,HELD
2026-09-26T00:25:00-04:00,2026-09-25,ac,300.0,2416.3,,,,3.0,HELD
2026-09-26T00:25:00-04:00,2026-09-25,hwh_recirc,70.0,107.9,107.86309639727358,0.03690360272642579,0.03421337228305137,2.0,OK
2026-09-26T00:25:00-04:00,2026-09-25,dehumidifier,150.0,443.9,432.858230452675,11.041769547324975,2.5508974464405356,6.0,OK
2026-09-27T00:25:00-04:00,2026-09-26,fridge,50.0,107.5,107.45485779948181,0.045142200518185405,0.04201038598219903,3.0,OK
2026-09-27T00:25:00-04:00,2026-09-26,furnace,300.0,771.9,,,,2.0,HELD
2026-09-27T00:25:00-04:00,2026-09-26,ac,300.0,2416.3,,,,3.0,HELD
2026-09-27T00:25:00-04:00,2026-09-26,hwh_recirc,70.0,107.1,107.09999999999994,5.684341886080802e-14,5.307508763847623e-14,2.0,OK
2026-09-27T00:25:00-04:00,2026-09-26,dehumidifier,150.0,445.5,436.11766666666716,9.382333333332838,2.151330718850225,6.0,OK
2026-09-28T00:25:00-04:00,2026-09-27,fridge,50.0,109.3,109.45573761447598,-0.15573761447598145,-0.14228364622101317,3.0,OK
2026-09-28T00:25:00-04:00,2026-09-27,furnace,300.0,771.9,,,,2.0,HELD
2026-09-28T00:25:00-04:00,2026-09-27,ac,300.0,2416.3,,,,3.0,HELD
2026-09-28T00:25:00-04:00,2026-09-27,hwh_recirc,70.0,106.9,106.90818713450291,-0.008187134502904314,-0.007658098712874019,2.0,OK
2026-09-28T00:25:00-04:00,2026-09-27,dehumidifier,150.0,444.8,438.55685856432086,6.243141435679149,1.4235648841787523,6.0,OK
2026-09-29T00:25:00-04:00,2026-09-28,fridge,50.0,118.4,118.36211446292506,0.03788553707494202,0.03200816177275122,3.0,OK
2026-09-29T00:25:00-04:00,2026-09-28,furnace,300.0,771.9,,,,2.0,HELD
2026-09-29T00:25:00-04:00,2026-09-28,ac,300.0,2416.3,,,,3.0,HELD
2026-09-29T00:25:00-04:00,2026-09-28,hwh_recirc,70.0,112.2,112.22780806979273,-0.027808069792726542,-0.02477823479848518,2.0,OK
2026-09-29T00:25:00-04:00,2026-09-28,dehumidifier,150.0,443.9,437.5290220820192,6.370977917980781,1.4561269302008673,6.0,OK
2026-09-30T00:25:00-04:00,2026-09-29,fridge,50.0,109.6,109.66126392481813,-0.06126392481813525,-0.055866513503014824,3.0,OK
2026-09-30T00:25:00-04:00,2026-09-29,furnace,300.0,771.9,,,,2.0,HELD
2026-09-30T00:25:00-04:00,2026-09-29,ac,300.0,2416.3,,,,3.0,HELD
2026-09-30T00:25:00-04:00,2026-09-29,hwh_recirc,70.0,109.4,109.11368227731866,0.28631772268134625,0.26240313469914195,2.0,OK
2026-09-30T00:25:00-04:00,2026-09-29,dehumidifier,150.0,443.1,435.3548848292295,7.745115170770532,1.779034861136013,6.0,OK
2026-10-01T00:25:00-04:00,2026-09-30,fridge,50.0,120.3,120.31458322878386,-0.014583228783862978,-0.012120915347503867,3.0,OK
2026-10-01T00:25:00-04:00,2026-09-30,furnace,300.0,771.9,,,,2.0,HELD
2026-10-01T00:25:00-04:00,2026-09-30,ac,300.0,2416.3,,,,3.0,HELD
2026-10-01T00:25:00-04:00,2026-09-30,hwh_recirc,70.0,107.1,107.11233362910382,-0.012333629103821409,-0.011514667532619418,2.0,OK
2026-10-01T00:25:00-04:00,2026-09-30,dehumidifier,150.0,444.1,438.85773126266065,5.242268737339373,1.1945257799735158,6.0,OK
2026-10-02T00:25:00-04:00,2026-10-01,fridge,50.0,113.4,113.42923362796135,-0.029233627961346542,-0.025772569404136556,3.0,OK
2026-10-02T00:25:00-04:00,2026-10-01,furnace,300.0,771.9,,,,2.0,HELD
2026-10-02T00:25:00-04:00,2026-10-01,ac,300.0,2416.3,,,,3.0,HELD
2026-10-02T00:25:00-04:00,2026-10-01,hwh_recirc,70.0,107.0,106.96878001921222,0.031219980787781765,0.029186067918297722,2.0,OK
2026-10-02T00:25:00-04:00,2026-10-01,dehumidifier,150.0,446.0,437.653178694158,8.346821305842013,1.9071771238464972,6.0,OK
2026-10-03T00:25:00-04:00,2026-10-02,fridge,50.0,125.3,125.23294307444012,0.06705692555988207,0.05354575554454753,3.0,OK
2026-10-03T00:25:00-04:00,2026-10-02,furnace,300.0,771.9,,,,2.0,HELD
2026-10-03T00:25:00-04:00,2026-10-02,ac,300.0,2416.3,,,,3.0,HELD
2026-10-03T00:25:00-04:00,2026-10-02,hwh_recirc,70.0,105.8,105.83114285714284,-0.031142857142839375,-0.029426930771103792,2.0,OK
2026-10-03T00:25:00-04:00,2026-10-02,dehumidifier,150.0,447.9,440.6930022573361,7.206997742663873,1.6353783032060614,6.0,OK
2026-10-04T00:25:00-04:00,2026-10-03,fridge,50.0,112.5,112.49686736169883,0.0031326383011673897,0.0027846449191294914,3.0,OK
2026-10-04T00:25:00-04:00,2026-10-03,furnace,300.0,771.9,,,,2.0,HELD
2026-10-04T00:25:00-04:00,2026-10-03,ac,300.0,2416.3,,,,3.0,HELD
2026-10-04T00:25:00-04:00,2026-10-03,hwh_recirc,70.0,106.6,106.36178571428577,0.23821428571422132,0.22396604580720764,2.0,OK
2026-10-04T00:25:00-04:00,2026-10-03,dehumidifier,150.0,450.2,442.7808293677768,7.419170632223199,1.6755853325485293,6.0,OK
2026-10-05T00:25:00-04:00,2026-10-04,fridge,50.0,110.9,111.01439310884847,-0.11439310884846066,-0.10304349341107454,3.0,OK
2026-10-05T00:25:00-04:00,2026-10-04,furnace,300.0,771.9,,,,2.0,HELD
2026-10-05T00:25:00-04:00,2026-10-04,ac,300.0,2416.3,,,,3.0,HELD
2026-10-05T00:25:00-04:00,2026-10-04,hwh_recirc,70.0,108.7,108.68585131894491,0.014148681055090151,0.013017960372385572,2.0,OK
2026-10-05T00:25:00-04:00,2026-10-04,dehumidifier,150.0,446.5,436.5776349614394,9.9223650385606,2.272760728899223,6.0,OK
2026-10-06T00:25:00-04:00,2026-10-05,fridge,50.0,110.0,109.97401154323224,0.02598845676776307,0.02363145292517284,3.0,OK
2026-10-06T00:25:00-04:00,2026-10-05,furnace,300.0,771.9,,,,2.0,HELD
2026-10-06T00:25:00-04:00,2026-10-05,ac,300.0,2416.3,,,,3.0,HELD
2026-10-06T00:25:00-04:00,2026-10-05,hwh_recirc,70.0,106.7,106.51590538336043,0.1840946166395696,0.1728329829962918,2.0,OK
2026-10-06T00:25:00-04:00,2026-10-05,dehumidifier,150.0,447.0,437.2579591836731,9.742040816326892,2.2279847883191266,6.0,OK
2026-10-07T00:25:00-04:00,2026-10-06,fridge,50.0,119.6,119.6494016492351,-0.049401649235107925,-0.041288672199075505,3.0,OK
2026-10-07T00:25:00-04:00,2026-10-06,furnace,300.0,771.9,,,,2.0,HELD
2026-10-07T00:25:00-04:00,2026-10-06,ac,300.0,2416.3,,,,3.0,HELD
2026-10-07T00:25:00-04:00,2026-10-06,hwh_recirc,70.0,107.7,107.65152733118978,0.04847266881021994,0.04502738605936713,2.0,OK
2026-10-07T00:25:00-04:00,2026-10-06,dehumidifier,150.0,447.0,,,,6.0,HELD
2026-10-08T00:25:00-04:00,2026-10-07,fridge,50.0,106.3,106.26939571149964,0.030604288500356347,0.028798779079765285,3.0,OK
2026-10-08T00:25:00-04:00,2026-10-07,furnace,300.0,584.7,582.2084280936454,2.491571906354693,0.42795187876495944,2.0,OK
2026-10-08T00:25:00-04:00,2026-10-07,ac,300.0,2416.3,,,,3.0,HELD
2026-10-08T00:25:00-04:00,2026-10-07,hwh_recirc,70.0,106.9,106.85133228840134,0.048667711598668006,0.04554712660700335,2.0,OK
2026-10-08T00:25:00-04:00,2026-10-07,dehumidifier,150.0,447.0,,,,6.0,HELD
2026-10-09T00:25:00-04:00,2026-10-08,fridge,50.0,120.6,120.5972455457714,0.0027544542285937723,0.002284010896043516,3.0,OK
2026-10-09T00:25:00-04:00,2026-10-08,furnace,300.0,584.7,,,,2.0,HELD
2026-10-09T00:25:00-04:00,2026-10-08,ac,300.0,2416.3,,,,3.0,HELD
2026-10-09T00:25:00-04:00,2026-10-08,hwh_recirc,70.0,107.2,107.00230202578274,0.1976979742172631,0.18476048690020405,2.0,OK
2026-10-09T00:25:00-04:00,2026-10-08,dehumidifier,150.0,441.1,432.86260245901707,8.237397540982954,1.9030051323879063,6.0,OK
2026-10-10T00:25:00-04:00,2026-10-09,fridge,50.0,118.7,118.84787878787857,-0.14787878787856812,-0.12442694761301071,3.0,OK
2026-10-10T00:25:00-04:00,2026-10-09,furnace,300.0,584.7,,,,2.0,HELD
2026-10-10T00:25:00-04:00,2026-10-09,ac,300.0,2416.3,,,,3.0,HELD
2026-10-10T00:25:00-04:00,2026-10-09,hwh_recirc,70.0,107.5,107.4870716510901,0.012928348909895249,0.012027817588948274,2.0,OK
2026-10-10T00:25:00-04:00,2026-10-09,dehumidifier,150.0,440.1,429.20172711571655,10.898272884283472,2.5391959528031447,6.0,OK
